CodEstacao,DataHora,Chuva,Nivel,Vazao
12370000,2021-03-22 23:45:00 ,0.00,,
12370000,2021-03-22 23:30:00 ,0.00,,
12370000,2021-03-22 23:15:00 ,0.00,,
12370000,2021-03-22 23:00:00 ,0.00,,
12370000,2021-03-22 22:45:00 ,0.00,,
12370000,2021-03-22 22:30:00 ,0.00,,
12370000,2021-03-22 22:15:00 ,0.00,,
12370000,2021-03-22 22:00:00 ,0.00,,
12370000,2021-03-22 21:45:00 ,0.00,,
12370000,2021-03-22 21:30:00 ,0.00,,
12370000,2021-03-22 21:15:00 ,0.00,,
12370000,2021-03-22 21:00:00 ,0.00,,
12370000,2021-03-22 20:45:00 ,0.00,,
12370000,2021-03-22 20:30:00 ,0.00,,
12370000,2021-03-22 20:15:00 ,0.00,,
12370000,2021-03-22 20:00:00 ,0.00,,
12370000,2021-03-22 19:45:00 ,0.00,,
12370000,2021-03-22 19:30:00 ,0.00,,
12370000,2021-03-22 19:15:00 ,0.00,,
12370000,2021-03-22 18:00:00 ,0.00,,
12370000,2021-03-22 17:45:00 ,0.00,,
12370000,2021-03-22 17:30:00 ,0.00,,
12370000,2021-03-22 17:15:00 ,0.20,,
12370000,2021-03-22 17:00:00 ,0.60,,
12370000,2021-03-22 16:45:00 ,0.00,,
12370000,2021-03-22 16:30:00 ,0.00,,
12370000,2021-03-22 16:15:00 ,0.00,,
12370000,2021-03-22 16:00:00 ,0.00,,
12370000,2021-03-22 15:45:00 ,0.00,,
12370000,2021-03-22 15:30:00 ,0.00,,
12370000,2021-03-22 15:15:00 ,0.00,,
12370000,2021-03-22 15:00:00 ,0.00,,
12370000,2021-03-22 14:45:00 ,0.00,,
12370000,2021-03-22 14:30:00 ,0.00,,
12370000,2021-03-22 14:15:00 ,0.00,,
12370000,2021-03-22 14:00:00 ,0.00,,
12370000,2021-03-22 13:45:00 ,0.00,,
12370000,2021-03-22 13:30:00 ,0.00,,
12370000,2021-03-22 13:15:00 ,0.00,,
12370000,2021-03-22 13:00:00 ,0.00,,
12370000,2021-03-22 12:45:00 ,0.00,,
12370000,2021-03-22 12:30:00 ,0.00,,
12370000,2021-03-22 12:15:00 ,0.00,,
12370000,2021-03-22 12:00:00 ,0.00,,
12370000,2021-03-22 11:45:00 ,0.00,,
12370000,2021-03-22 11:30:00 ,0.00,,
12370000,2021-03-22 11:15:00 ,0.00,,
12370000,2021-03-22 11:00:00 ,0.00,,
12370000,2021-03-22 10:45:00 ,0.00,,
12370000,2021-03-22 10:30:00 ,0.00,,
12370000,2021-03-22 10:15:00 ,0.00,,
12370000,2021-03-22 10:00:00 ,0.00,,
12370000,2021-03-22 09:45:00 ,0.00,,
12370000,2021-03-22 09:30:00 ,0.00,,
12370000,2021-03-22 09:15:00 ,0.00,,
12370000,2021-03-22 09:00:00 ,0.00,,
12370000,2021-03-22 08:45:00 ,0.00,,
12370000,2021-03-22 08:30:00 ,0.00,,
12370000,2021-03-22 08:15:00 ,0.00,,
12370000,2021-03-22 08:00:00 ,0.00,,
12370000,2021-03-22 07:45:00 ,0.00,,
12370000,2021-03-22 07:30:00 ,0.00,,
12370000,2021-03-22 07:15:00 ,0.00,,
12370000,2021-03-22 07:00:00 ,0.00,,
12370000,2021-03-22 06:45:00 ,0.00,,
12370000,2021-03-22 06:30:00 ,0.00,,
12370000,2021-03-22 06:15:00 ,0.00,,
12370000,2021-03-22 06:00:00 ,0.00,,
12370000,2021-03-22 05:45:00 ,0.00,,
12370000,2021-03-22 05:30:00 ,0.00,,
12370000,2021-03-22 05:15:00 ,0.00,,
12370000,2021-03-22 05:00:00 ,0.00,,
12370000,2021-03-22 04:45:00 ,0.00,,
12370000,2021-03-22 04:30:00 ,0.00,,
12370000,2021-03-22 04:15:00 ,0.00,,
12370000,2021-03-22 04:00:00 ,0.00,,
12370000,2021-03-22 03:45:00 ,0.00,,
12370000,2021-03-22 03:30:00 ,0.00,,
12370000,2021-03-22 03:15:00 ,0.00,,
12370000,2021-03-22 03:00:00 ,0.00,,
12370000,2021-03-22 02:45:00 ,0.00,,
12370000,2021-03-22 02:30:00 ,0.00,,
12370000,2021-03-22 02:15:00 ,0.00,,
12370000,2021-03-22 02:00:00 ,0.00,,
12370000,2021-03-22 01:45:00 ,0.00,,
12370000,2021-03-22 01:30:00 ,0.00,,
12370000,2021-03-22 01:15:00 ,0.00,,
12370000,2021-03-22 01:00:00 ,0.00,,
12370000,2021-03-22 00:45:00 ,0.00,,
12370000,2021-03-22 00:30:00 ,0.00,,
12370000,2021-03-22 00:15:00 ,0.00,,
12370000,2021-03-22 00:00:00 ,0.00,,
12390000,2021-03-22 23:45:00 ,0.00,,
12390000,2021-03-22 23:30:00 ,0.00,,
12390000,2021-03-22 23:15:00 ,0.00,,
12390000,2021-03-22 23:00:00 ,0.00,,
12390000,2021-03-22 22:45:00 ,0.00,,
12390000,2021-03-22 22:30:00 ,0.00,,
12390000,2021-03-22 22:15:00 ,0.00,,
12390000,2021-03-22 22:00:00 ,0.00,,
12390000,2021-03-22 21:45:00 ,0.00,,
12390000,2021-03-22 21:30:00 ,0.00,,
12390000,2021-03-22 21:15:00 ,0.00,,
12390000,2021-03-22 21:00:00 ,0.00,,
12390000,2021-03-22 20:45:00 ,0.00,,
12390000,2021-03-22 20:30:00 ,0.00,,
12390000,2021-03-22 20:15:00 ,0.00,,
12390000,2021-03-22 20:00:00 ,0.00,,
12390000,2021-03-22 19:45:00 ,0.00,,
12390000,2021-03-22 19:30:00 ,0.00,,
12390000,2021-03-22 19:15:00 ,0.00,,
12390000,2021-03-22 19:00:00 ,0.00,,
12390000,2021-03-22 18:45:00 ,0.00,,
12390000,2021-03-22 18:30:00 ,0.00,,
12390000,2021-03-22 18:15:00 ,0.00,,
12390000,2021-03-22 18:00:00 ,0.00,,
12390000,2021-03-22 17:45:00 ,0.00,,
12390000,2021-03-22 17:30:00 ,0.00,,
12390000,2021-03-22 17:15:00 ,0.00,,
12390000,2021-03-22 17:00:00 ,0.00,,
12390000,2021-03-22 16:45:00 ,0.00,,
12390000,2021-03-22 16:30:00 ,0.00,,
12390000,2021-03-22 16:15:00 ,0.00,,
12390000,2021-03-22 16:00:00 ,0.00,,
12390000,2021-03-22 15:45:00 ,0.00,,
12390000,2021-03-22 15:30:00 ,0.00,,
12390000,2021-03-22 15:15:00 ,0.00,,
12390000,2021-03-22 15:00:00 ,0.00,,
12390000,2021-03-22 14:45:00 ,0.00,,
12390000,2021-03-22 14:30:00 ,0.00,,
12390000,2021-03-22 14:15:00 ,0.00,,
12390000,2021-03-22 14:00:00 ,0.00,,
12390000,2021-03-22 13:45:00 ,0.00,,
12390000,2021-03-22 13:30:00 ,0.00,,
12390000,2021-03-22 13:15:00 ,0.00,,
12390000,2021-03-22 13:00:00 ,0.00,,
12390000,2021-03-22 12:45:00 ,0.00,,
12390000,2021-03-22 12:30:00 ,0.00,,
12390000,2021-03-22 12:15:00 ,0.00,,
12390000,2021-03-22 12:00:00 ,0.00,,
12390000,2021-03-22 11:45:00 ,0.00,,
12390000,2021-03-22 11:30:00 ,0.00,,
12390000,2021-03-22 11:15:00 ,0.00,,
12390000,2021-03-22 11:00:00 ,0.00,,
12390000,2021-03-22 10:45:00 ,0.00,,
12390000,2021-03-22 10:30:00 ,0.00,,
12390000,2021-03-22 10:15:00 ,0.00,,
12390000,2021-03-22 10:00:00 ,0.00,,
12390000,2021-03-22 09:45:00 ,0.00,,
12390000,2021-03-22 09:30:00 ,0.00,,
12390000,2021-03-22 09:15:00 ,0.00,,
12390000,2021-03-22 09:00:00 ,0.00,,
12390000,2021-03-22 08:45:00 ,0.00,,
12390000,2021-03-22 08:30:00 ,0.00,,
12390000,2021-03-22 08:15:00 ,0.00,,
12390000,2021-03-22 08:00:00 ,0.00,,
12390000,2021-03-22 07:45:00 ,0.00,,
12390000,2021-03-22 07:30:00 ,0.00,,
12390000,2021-03-22 07:15:00 ,0.00,,
12390000,2021-03-22 07:00:00 ,0.00,,
12390000,2021-03-22 06:45:00 ,0.00,,
12390000,2021-03-22 06:30:00 ,0.00,,
12390000,2021-03-22 06:15:00 ,0.00,,
12390000,2021-03-22 06:00:00 ,0.00,,
12390000,2021-03-22 05:45:00 ,0.00,,
12390000,2021-03-22 05:30:00 ,0.00,,
12390000,2021-03-22 05:15:00 ,0.00,,
12390000,2021-03-22 05:00:00 ,0.00,,
12390000,2021-03-22 04:45:00 ,0.00,,
12390000,2021-03-22 04:30:00 ,0.00,,
12390000,2021-03-22 04:15:00 ,0.00,,
12390000,2021-03-22 04:00:00 ,0.00,,
12390000,2021-03-22 03:45:00 ,0.00,,
12390000,2021-03-22 03:30:00 ,0.00,,
12390000,2021-03-22 03:15:00 ,0.00,,
12390000,2021-03-22 03:00:00 ,0.00,,
12390000,2021-03-22 02:45:00 ,0.00,,
12390000,2021-03-22 02:30:00 ,0.00,,
12390000,2021-03-22 02:15:00 ,0.00,,
12390000,2021-03-22 02:00:00 ,0.00,,
12390000,2021-03-22 01:45:00 ,0.00,,
12390000,2021-03-22 01:30:00 ,0.00,,
12390000,2021-03-22 01:15:00 ,0.00,,
12390000,2021-03-22 01:00:00 ,0.00,,
12390000,2021-03-22 00:45:00 ,0.00,,
12390000,2021-03-22 00:30:00 ,0.00,,
12390000,2021-03-22 00:15:00 ,0.00,,
12390000,2021-03-22 00:00:00 ,0.00,,
12500000,2021-03-22 23:45:00 ,0.00,1115.00,1924.40
12500000,2021-03-22 23:30:00 ,0.00,1116.00,1928.10
12500000,2021-03-22 23:15:00 ,0.00,1114.00,1920.70
12500000,2021-03-22 23:00:00 ,0.00,1114.00,1920.70
12500000,2021-03-22 22:45:00 ,0.00,1115.00,1924.40
12500000,2021-03-22 22:30:00 ,0.00,1112.00,1913.30
12500000,2021-03-22 22:15:00 ,0.00,1114.00,1920.70
12500000,2021-03-22 22:00:00 ,0.00,1116.00,1928.10
12500000,2021-03-22 21:45:00 ,0.00,1116.00,1928.10
12500000,2021-03-22 21:30:00 ,0.00,1115.00,1924.40
12500000,2021-03-22 21:15:00 ,0.00,1114.00,1920.70
12500000,2021-03-22 21:00:00 ,0.00,1114.00,1920.70
12500000,2021-03-22 20:45:00 ,0.00,1112.00,1913.30
12500000,2021-03-22 20:30:00 ,0.00,1111.00,1909.60
12500000,2021-03-22 20:15:00 ,0.00,1112.00,1913.30
12500000,2021-03-22 20:00:00 ,0.00,1108.00,1898.60
12500000,2021-03-22 19:45:00 ,0.00,1109.00,1902.30
12500000,2021-03-22 19:30:00 ,0.00,1107.00,1894.90
12500000,2021-03-22 19:15:00 ,0.00,1108.00,1898.60
12500000,2021-03-22 19:00:00 ,0.00,1105.00,1887.60
12500000,2021-03-22 18:45:00 ,0.00,1106.00,1891.30
12500000,2021-03-22 18:30:00 ,0.00,1106.00,1891.30
12500000,2021-03-22 18:15:00 ,0.00,1106.00,1891.30
12500000,2021-03-22 18:00:00 ,0.00,1106.00,1891.30
12500000,2021-03-22 17:45:00 ,0.00,1106.00,1891.30
12500000,2021-03-22 17:30:00 ,0.00,1104.00,1884.00
12500000,2021-03-22 17:15:00 ,0.00,1105.00,1887.60
12500000,2021-03-22 17:00:00 ,0.00,1104.00,1884.00
12500000,2021-03-22 16:45:00 ,0.00,1104.00,1884.00
12500000,2021-03-22 16:30:00 ,0.00,1103.00,1880.30
12500000,2021-03-22 16:15:00 ,0.00,1104.00,1884.00
12500000,2021-03-22 16:00:00 ,0.00,1103.00,1880.30
12500000,2021-03-22 15:45:00 ,0.00,1103.00,1880.30
12500000,2021-03-22 15:30:00 ,0.00,1102.00,1876.70
12500000,2021-03-22 15:15:00 ,0.00,1100.00,1869.50
12500000,2021-03-22 15:00:00 ,0.00,1101.00,1873.10
12500000,2021-03-22 14:45:00 ,0.00,1100.00,1869.50
12500000,2021-03-22 14:30:00 ,0.00,1101.00,1873.10
12500000,2021-03-22 14:15:00 ,0.00,1099.00,1865.80
12500000,2021-03-22 14:00:00 ,0.00,1101.00,1873.10
12500000,2021-03-22 13:45:00 ,0.00,1100.00,1869.50
12500000,2021-03-22 13:30:00 ,0.00,1100.00,1869.50
12500000,2021-03-22 13:15:00 ,0.00,1101.00,1873.10
12500000,2021-03-22 13:00:00 ,0.00,1100.00,1869.50
12500000,2021-03-22 12:45:00 ,0.00,1098.00,1862.20
12500000,2021-03-22 12:30:00 ,0.00,1098.00,1862.20
12500000,2021-03-22 12:15:00 ,0.00,1098.00,1862.20
12500000,2021-03-22 12:00:00 ,0.00,1097.00,1858.60
12500000,2021-03-22 11:45:00 ,0.00,1097.00,1858.60
12500000,2021-03-22 11:30:00 ,0.00,1097.00,1858.60
12500000,2021-03-22 11:15:00 ,0.00,1097.00,1858.60
12500000,2021-03-22 11:00:00 ,0.00,1097.00,1858.60
12500000,2021-03-22 10:45:00 ,0.00,1097.00,1858.60
12500000,2021-03-22 10:30:00 ,0.00,1098.00,1862.20
12500000,2021-03-22 10:15:00 ,0.00,1095.00,1851.40
12500000,2021-03-22 10:00:00 ,0.00,1098.00,1862.20
12500000,2021-03-22 09:45:00 ,0.00,1096.00,1855.00
12500000,2021-03-22 09:30:00 ,0.00,1097.00,1858.60
12500000,2021-03-22 09:15:00 ,0.00,1098.00,1862.20
12500000,2021-03-22 09:00:00 ,0.00,1096.00,1855.00
12500000,2021-03-22 08:45:00 ,0.00,1096.00,1855.00
12500000,2021-03-22 08:30:00 ,0.00,1097.00,1858.60
12500000,2021-03-22 08:15:00 ,0.00,1097.00,1858.60
12500000,2021-03-22 08:00:00 ,0.00,1097.00,1858.60
12500000,2021-03-22 07:45:00 ,0.00,1097.00,1858.60
12500000,2021-03-22 07:30:00 ,0.00,1095.00,1851.40
12500000,2021-03-22 07:15:00 ,0.00,1098.00,1862.20
12500000,2021-03-22 07:00:00 ,0.00,1099.00,1865.80
12500000,2021-03-22 06:45:00 ,0.00,1099.00,1865.80
12500000,2021-03-22 06:30:00 ,0.00,1099.00,1865.80
12500000,2021-03-22 06:15:00 ,0.00,1098.00,1862.20
12500000,2021-03-22 06:00:00 ,0.00,1098.00,1862.20
12500000,2021-03-22 05:45:00 ,0.00,1099.00,1865.80
12500000,2021-03-22 05:30:00 ,0.00,1097.00,1858.60
12500000,2021-03-22 05:15:00 ,0.00,1099.00,1865.80
12500000,2021-03-22 05:00:00 ,0.00,1099.00,1865.80
12500000,2021-03-22 04:45:00 ,0.00,1099.00,1865.80
12500000,2021-03-22 04:30:00 ,0.00,1098.00,1862.20
12500000,2021-03-22 04:15:00 ,0.00,1098.00,1862.20
12500000,2021-03-22 04:00:00 ,0.00,1099.00,1865.80
12500000,2021-03-22 03:45:00 ,0.00,1099.00,1865.80
12500000,2021-03-22 03:30:00 ,0.00,1100.00,1869.50
12500000,2021-03-22 03:15:00 ,0.00,1100.00,1869.50
12500000,2021-03-22 03:00:00 ,0.00,1100.00,1869.50
12500000,2021-03-22 02:45:00 ,0.00,1100.00,1869.50
12500000,2021-03-22 02:30:00 ,0.00,1100.00,1869.50
12500000,2021-03-22 02:15:00 ,0.00,1101.00,1873.10
12500000,2021-03-22 02:00:00 ,0.00,1100.00,1869.50
12500000,2021-03-22 01:45:00 ,0.00,1100.00,1869.50
12500000,2021-03-22 01:30:00 ,0.00,1100.00,1869.50
12500000,2021-03-22 01:15:00 ,0.00,1100.00,1869.50
12500000,2021-03-22 01:00:00 ,0.00,1099.00,1865.80
12500000,2021-03-22 00:45:00 ,0.00,1097.00,1858.60
12500000,2021-03-22 00:30:00 ,0.00,1098.00,1862.20
12500000,2021-03-22 00:15:00 ,0.00,1096.00,1855.00
12500000,2021-03-22 00:00:00 ,0.00,1098.00,1862.20
12510500,2021-03-22 23:45:00 ,0.00,872.00,766.20
12510500,2021-03-22 23:30:00 ,0.00,872.00,766.20
12510500,2021-03-22 23:15:00 ,0.00,872.00,766.20
12510500,2021-03-22 23:00:00 ,0.00,873.00,768.00
12510500,2021-03-22 22:45:00 ,0.00,873.00,768.00
12510500,2021-03-22 22:30:00 ,0.00,872.00,766.20
12510500,2021-03-22 22:15:00 ,0.00,873.00,768.00
12510500,2021-03-22 22:00:00 ,0.00,872.00,766.20
12510500,2021-03-22 21:45:00 ,0.00,873.00,768.00
12510500,2021-03-22 21:30:00 ,0.00,872.00,766.20
12510500,2021-03-22 21:15:00 ,0.00,872.00,766.20
12510500,2021-03-22 21:00:00 ,0.00,872.00,766.20
12510500,2021-03-22 20:45:00 ,0.00,872.00,766.20
12510500,2021-03-22 20:30:00 ,0.00,872.00,766.20
12510500,2021-03-22 20:15:00 ,0.00,872.00,766.20
12510500,2021-03-22 20:00:00 ,0.00,872.00,766.20
12510500,2021-03-22 19:45:00 ,0.00,872.00,766.20
12510500,2021-03-22 19:30:00 ,0.00,872.00,766.20
12510500,2021-03-22 19:15:00 ,0.00,871.00,764.40
12510500,2021-03-22 19:00:00 ,0.00,872.00,766.20
12510500,2021-03-22 18:45:00 ,0.00,871.00,764.40
12510500,2021-03-22 18:30:00 ,0.00,872.00,766.20
12510500,2021-03-22 18:15:00 ,0.00,871.00,764.40
12510500,2021-03-22 18:00:00 ,0.00,871.00,764.40
12510500,2021-03-22 17:45:00 ,0.00,871.00,764.40
12510500,2021-03-22 17:30:00 ,0.00,871.00,764.40
12510500,2021-03-22 17:15:00 ,0.00,870.00,762.60
12510500,2021-03-22 17:00:00 ,0.00,871.00,764.40
12510500,2021-03-22 16:45:00 ,0.00,870.00,762.60
12510500,2021-03-22 16:30:00 ,0.00,870.00,762.60
12510500,2021-03-22 16:15:00 ,0.00,870.00,762.60
12510500,2021-03-22 16:00:00 ,0.00,871.00,764.40
12510500,2021-03-22 15:45:00 ,0.00,870.00,762.60
12510500,2021-03-22 15:30:00 ,0.00,869.00,760.80
12510500,2021-03-22 15:15:00 ,0.00,869.00,760.80
12510500,2021-03-22 15:00:00 ,0.00,869.00,760.80
12510500,2021-03-22 14:45:00 ,0.00,869.00,760.80
12510500,2021-03-22 14:30:00 ,0.00,868.00,759.00
12510500,2021-03-22 14:15:00 ,0.00,868.00,759.00
12510500,2021-03-22 14:00:00 ,0.00,868.00,759.00
12510500,2021-03-22 13:45:00 ,0.00,868.00,759.00
12510500,2021-03-22 13:30:00 ,0.00,868.00,759.00
12510500,2021-03-22 13:15:00 ,0.00,867.00,757.20
12510500,2021-03-22 13:00:00 ,0.00,867.00,757.20
12510500,2021-03-22 12:45:00 ,0.00,867.00,757.20
12510500,2021-03-22 12:30:00 ,0.00,866.00,755.40
12510500,2021-03-22 12:15:00 ,0.00,866.00,755.40
12510500,2021-03-22 12:00:00 ,0.00,866.00,755.40
12510500,2021-03-22 11:45:00 ,0.00,866.00,755.40
12510500,2021-03-22 11:30:00 ,0.00,865.00,753.60
12510500,2021-03-22 11:15:00 ,0.00,865.00,753.60
12510500,2021-03-22 11:00:00 ,0.00,865.00,753.60
12510500,2021-03-22 10:45:00 ,0.00,864.00,751.90
12510500,2021-03-22 10:30:00 ,0.00,864.00,751.90
12510500,2021-03-22 10:15:00 ,0.00,863.00,750.10
12510500,2021-03-22 10:00:00 ,0.00,864.00,751.90
12510500,2021-03-22 09:45:00 ,0.00,863.00,750.10
12510500,2021-03-22 09:30:00 ,0.00,862.00,748.30
12510500,2021-03-22 09:15:00 ,0.00,862.00,748.30
12510500,2021-03-22 09:00:00 ,0.00,862.00,748.30
12510500,2021-03-22 08:45:00 ,0.00,862.00,748.30
12510500,2021-03-22 08:30:00 ,0.00,861.00,746.50
12510500,2021-03-22 08:15:00 ,0.00,861.00,746.50
12510500,2021-03-22 08:00:00 ,0.00,861.00,746.50
12510500,2021-03-22 07:45:00 ,0.00,860.00,744.70
12510500,2021-03-22 07:30:00 ,0.00,860.00,744.70
12510500,2021-03-22 07:15:00 ,0.00,860.00,744.70
12510500,2021-03-22 07:00:00 ,0.00,860.00,744.70
12510500,2021-03-22 06:45:00 ,0.00,859.00,743.00
12510500,2021-03-22 06:30:00 ,0.00,859.00,743.00
12510500,2021-03-22 06:15:00 ,0.00,858.00,741.20
12510500,2021-03-22 06:00:00 ,0.00,858.00,741.20
12510500,2021-03-22 05:45:00 ,0.00,857.00,739.40
12510500,2021-03-22 05:30:00 ,0.00,857.00,739.40
12510500,2021-03-22 05:15:00 ,0.00,857.00,739.40
12510500,2021-03-22 05:00:00 ,0.00,857.00,739.40
12510500,2021-03-22 04:45:00 ,0.00,857.00,739.40
12510500,2021-03-22 04:30:00 ,0.00,856.00,737.70
12510500,2021-03-22 04:15:00 ,0.00,855.00,735.90
12510500,2021-03-22 04:00:00 ,0.00,856.00,737.70
12510500,2021-03-22 03:45:00 ,0.00,855.00,735.90
12510500,2021-03-22 03:30:00 ,0.00,854.00,734.10
12510500,2021-03-22 03:15:00 ,0.00,854.00,734.10
12510500,2021-03-22 03:00:00 ,0.00,854.00,734.10
12510500,2021-03-22 02:45:00 ,0.00,853.00,732.40
12510500,2021-03-22 02:30:00 ,0.00,853.00,732.40
12510500,2021-03-22 02:15:00 ,0.00,852.00,730.60
12510500,2021-03-22 02:00:00 ,0.00,852.00,730.60
12510500,2021-03-22 01:45:00 ,0.00,851.00,728.80
12510500,2021-03-22 01:30:00 ,0.00,851.00,728.80
12510500,2021-03-22 01:15:00 ,0.00,851.00,728.80
12510500,2021-03-22 01:00:00 ,0.00,850.00,727.10
12510500,2021-03-22 00:45:00 ,0.00,849.00,725.30
12510500,2021-03-22 00:30:00 ,0.00,849.00,725.30
12510500,2021-03-22 00:15:00 ,0.00,848.00,723.60
12510500,2021-03-22 00:00:00 ,0.00,848.00,723.60
12557000,2021-03-22 23:45:00 ,0.00,,
12557000,2021-03-22 23:30:00 ,0.00,,
12557000,2021-03-22 23:15:00 ,0.00,,
12557000,2021-03-22 23:00:00 ,0.00,,
12557000,2021-03-22 22:45:00 ,0.00,,
12557000,2021-03-22 22:30:00 ,0.00,,
12557000,2021-03-22 22:15:00 ,0.00,,
12557000,2021-03-22 22:00:00 ,0.00,,
12557000,2021-03-22 21:45:00 ,0.00,,
12557000,2021-03-22 21:30:00 ,0.00,,
12557000,2021-03-22 21:15:00 ,0.00,,
12557000,2021-03-22 21:00:00 ,0.00,,
12557000,2021-03-22 20:45:00 ,0.00,,
12557000,2021-03-22 20:30:00 ,0.00,,
12557000,2021-03-22 20:15:00 ,0.00,,
12557000,2021-03-22 20:00:00 ,0.00,,
12557000,2021-03-22 19:45:00 ,0.00,,
12557000,2021-03-22 19:30:00 ,0.00,,
12557000,2021-03-22 19:15:00 ,0.00,,
12557000,2021-03-22 19:00:00 ,0.00,,
12557000,2021-03-22 18:45:00 ,0.00,,
12557000,2021-03-22 18:30:00 ,0.00,,
12557000,2021-03-22 18:15:00 ,0.00,,
12557000,2021-03-22 18:00:00 ,0.00,,
12557000,2021-03-22 17:45:00 ,0.00,,
12557000,2021-03-22 17:30:00 ,0.00,,
12557000,2021-03-22 17:15:00 ,0.00,,
12557000,2021-03-22 17:00:00 ,0.00,,
12557000,2021-03-22 16:45:00 ,0.00,,
12557000,2021-03-22 16:30:00 ,0.00,,
12557000,2021-03-22 16:15:00 ,0.00,,
12557000,2021-03-22 16:00:00 ,0.00,,
12557000,2021-03-22 15:45:00 ,0.00,,
12557000,2021-03-22 15:30:00 ,0.00,,
12557000,2021-03-22 15:15:00 ,0.00,,
12557000,2021-03-22 15:00:00 ,0.00,,
12557000,2021-03-22 14:45:00 ,,,
12557000,2021-03-22 14:30:00 ,,,
12557000,2021-03-22 14:15:00 ,,,
12557000,2021-03-22 14:00:00 ,0.00,,
12557000,2021-03-22 13:45:00 ,0.00,,
12557000,2021-03-22 13:30:00 ,0.00,,
12557000,2021-03-22 13:15:00 ,0.00,,
12590000,2021-03-22 23:45:00 ,0.00,962.00,1402.30
12590000,2021-03-22 23:30:00 ,0.00,961.00,1398.80
12590000,2021-03-22 23:15:00 ,0.00,959.00,1391.70
12590000,2021-03-22 23:00:00 ,0.00,960.00,1395.20
12590000,2021-03-22 22:45:00 ,0.00,957.00,1384.70
12590000,2021-03-22 22:30:00 ,0.00,965.00,1412.90
12590000,2021-03-22 22:15:00 ,0.00,962.00,1402.30
12590000,2021-03-22 22:00:00 ,0.00,965.00,1412.90
12590000,2021-03-22 21:45:00 ,0.00,964.00,1409.40
12590000,2021-03-22 21:30:00 ,0.00,971.00,1434.30
12590000,2021-03-22 21:15:00 ,0.00,961.00,1398.80
12590000,2021-03-22 21:00:00 ,0.00,972.00,1437.80
12590000,2021-03-22 20:45:00 ,0.00,963.00,1405.80
12590000,2021-03-22 20:30:00 ,0.00,973.00,1441.40
12590000,2021-03-22 20:15:00 ,0.00,973.00,1441.40
12590000,2021-03-22 20:00:00 ,0.00,977.00,1455.80
12590000,2021-03-22 19:45:00 ,0.00,975.00,1448.60
12590000,2021-03-22 19:30:00 ,0.00,977.00,1455.80
12590000,2021-03-22 19:15:00 ,0.00,980.00,1466.60
12590000,2021-03-22 19:00:00 ,0.00,978.00,1459.40
12590000,2021-03-22 18:45:00 ,0.00,980.00,1466.60
12590000,2021-03-22 18:30:00 ,0.00,983.00,1477.40
12590000,2021-03-22 18:15:00 ,0.00,987.00,1491.90
12590000,2021-03-22 18:00:00 ,0.00,986.00,1488.30
12590000,2021-03-22 17:45:00 ,0.00,989.00,1499.20
12590000,2021-03-22 17:30:00 ,0.00,988.00,1495.60
12590000,2021-03-22 17:15:00 ,0.00,990.00,1502.90
12590000,2021-03-22 17:00:00 ,0.00,986.00,1488.30
12590000,2021-03-22 16:45:00 ,0.00,989.00,1499.20
12590000,2021-03-22 16:30:00 ,0.00,990.00,1502.90
12590000,2021-03-22 16:15:00 ,0.00,983.00,1477.40
12590000,2021-03-22 16:00:00 ,0.00,991.00,1506.50
12590000,2021-03-22 15:45:00 ,0.00,985.00,1484.70
12590000,2021-03-22 15:30:00 ,0.00,990.00,1502.90
12590000,2021-03-22 15:15:00 ,0.00,994.00,1517.50
12590000,2021-03-22 15:00:00 ,0.00,984.00,1481.00
12590000,2021-03-22 14:45:00 ,0.00,997.00,1528.50
12590000,2021-03-22 14:30:00 ,0.00,992.00,1510.20
12590000,2021-03-22 14:15:00 ,0.00,998.00,1532.20
12590000,2021-03-22 14:00:00 ,0.00,994.00,1517.50
12590000,2021-03-22 13:45:00 ,0.00,996.00,1524.80
12590000,2021-03-22 13:30:00 ,0.00,997.00,1528.50
12590000,2021-03-22 13:15:00 ,0.00,1008.00,1569.20
12590000,2021-03-22 13:00:00 ,0.00,1037.00,1678.80
12590000,2021-03-22 12:45:00 ,0.00,1034.00,1667.30
12590000,2021-03-22 12:30:00 ,0.00,1033.00,1663.50
12590000,2021-03-22 12:15:00 ,0.00,1032.00,1659.70
12590000,2021-03-22 12:00:00 ,0.00,1033.00,1663.50
12590000,2021-03-22 11:45:00 ,0.00,1037.00,1678.80
12590000,2021-03-22 11:30:00 ,0.00,1037.00,1678.80
12590000,2021-03-22 11:15:00 ,0.00,1038.00,1682.70
12590000,2021-03-22 11:00:00 ,0.00,1037.00,1678.80
12590000,2021-03-22 10:45:00 ,0.00,1037.00,1678.80
12590000,2021-03-22 10:30:00 ,0.00,1033.00,1663.50
12590000,2021-03-22 10:15:00 ,0.00,1025.00,1633.00
12590000,2021-03-22 10:00:00 ,0.00,1016.00,1599.10
12590000,2021-03-22 09:45:00 ,0.00,1005.00,1558.00
12590000,2021-03-22 09:30:00 ,0.00,992.00,1510.20
12590000,2021-03-22 09:15:00 ,0.00,976.00,1452.20
12590000,2021-03-22 09:00:00 ,0.00,973.00,1441.40
12590000,2021-03-22 08:45:00 ,0.00,952.00,1367.20
12590000,2021-03-22 08:30:00 ,0.00,944.00,1339.30
12590000,2021-03-22 08:15:00 ,0.00,946.00,1346.30
12590000,2021-03-22 08:00:00 ,0.00,945.00,1342.80
12590000,2021-03-22 07:45:00 ,0.00,945.00,1342.80
12590000,2021-03-22 07:30:00 ,0.00,944.00,1339.30
12590000,2021-03-22 07:15:00 ,0.00,943.00,1335.90
12590000,2021-03-22 07:00:00 ,0.00,945.00,1342.80
12590000,2021-03-22 06:45:00 ,0.00,945.00,1342.80
12590000,2021-03-22 06:30:00 ,0.00,941.00,1329.00
12590000,2021-03-22 06:15:00 ,0.00,943.00,1335.90
12590000,2021-03-22 06:00:00 ,0.00,945.00,1342.80
12590000,2021-03-22 05:45:00 ,0.00,945.00,1342.80
12590000,2021-03-22 05:30:00 ,0.00,941.00,1329.00
12590000,2021-03-22 05:15:00 ,0.00,943.00,1335.90
12590000,2021-03-22 05:00:00 ,0.00,946.00,1346.30
12590000,2021-03-22 04:45:00 ,0.00,943.00,1335.90
12590000,2021-03-22 04:30:00 ,0.00,943.00,1335.90
12590000,2021-03-22 04:15:00 ,0.00,947.00,1349.70
12590000,2021-03-22 04:00:00 ,0.00,942.00,1332.40
12590000,2021-03-22 03:45:00 ,0.00,941.00,1329.00
12590000,2021-03-22 03:30:00 ,0.00,942.00,1332.40
12590000,2021-03-22 03:15:00 ,0.00,942.00,1332.40
12590000,2021-03-22 03:00:00 ,0.00,938.00,1318.60
12590000,2021-03-22 02:45:00 ,0.00,945.00,1342.80
12590000,2021-03-22 02:30:00 ,0.00,947.00,1349.70
12590000,2021-03-22 02:15:00 ,0.00,949.00,1356.70
12590000,2021-03-22 02:00:00 ,0.00,947.00,1349.70
12590000,2021-03-22 01:45:00 ,0.00,942.00,1332.40
12590000,2021-03-22 01:30:00 ,0.00,953.00,1370.70
12590000,2021-03-22 01:15:00 ,0.00,948.00,1353.20
12590000,2021-03-22 01:00:00 ,0.00,949.00,1356.70
12590000,2021-03-22 00:45:00 ,0.00,954.00,1374.10
12590000,2021-03-22 00:30:00 ,0.00,947.00,1349.70
12590000,2021-03-22 00:15:00 ,0.00,950.00,1360.20
12590000,2021-03-22 00:00:00 ,0.00,949.00,1356.70
13180000,2021-03-22 23:45:00 ,0.00,1159.00,2896.60
13180000,2021-03-22 23:30:00 ,0.00,1158.00,2889.70
13180000,2021-03-22 23:15:00 ,0.00,1158.00,2889.70
13180000,2021-03-22 23:00:00 ,0.00,1158.00,2889.70
13180000,2021-03-22 22:45:00 ,0.00,1157.00,2882.80
13180000,2021-03-22 22:30:00 ,0.00,1156.00,2876.00
13180000,2021-03-22 22:15:00 ,0.00,1156.00,2876.00
13180000,2021-03-22 22:00:00 ,0.00,1155.00,2869.20
13180000,2021-03-22 21:45:00 ,0.00,1156.00,2876.00
13180000,2021-03-22 21:30:00 ,0.00,1155.00,2869.20
13180000,2021-03-22 21:15:00 ,0.00,1155.00,2869.20
13180000,2021-03-22 21:00:00 ,0.00,1154.00,2862.30
13180000,2021-03-22 20:45:00 ,0.00,1153.00,2855.50
13180000,2021-03-22 20:30:00 ,0.00,1153.00,2855.50
13180000,2021-03-22 20:15:00 ,0.00,1152.00,2848.70
13180000,2021-03-22 20:00:00 ,0.00,1152.00,2848.70
13180000,2021-03-22 19:45:00 ,0.00,1150.00,2835.10
13180000,2021-03-22 19:30:00 ,0.00,1151.00,2841.90
13180000,2021-03-22 19:15:00 ,0.00,1151.00,2841.90
13180000,2021-03-22 19:00:00 ,0.00,1151.00,2841.90
13180000,2021-03-22 18:45:00 ,0.00,1150.00,2835.10
13180000,2021-03-22 18:30:00 ,0.00,1150.00,2835.10
13180000,2021-03-22 18:15:00 ,0.00,1149.00,2828.30
13180000,2021-03-22 18:00:00 ,0.00,1149.00,2828.30
13180000,2021-03-22 17:45:00 ,0.00,1149.00,2828.30
13180000,2021-03-22 17:30:00 ,0.00,1149.00,2828.30
13180000,2021-03-22 17:15:00 ,0.00,1149.00,2828.30
13180000,2021-03-22 17:00:00 ,0.00,1148.00,2821.60
13180000,2021-03-22 16:45:00 ,0.20,1149.00,2828.30
13180000,2021-03-22 16:30:00 ,0.40,1148.00,2821.60
13180000,2021-03-22 16:15:00 ,5.00,1147.00,2814.80
13180000,2021-03-22 15:00:00 ,0.00,1146.00,2808.10
13180000,2021-03-22 14:45:00 ,0.00,1146.00,2808.10
13180000,2021-03-22 14:30:00 ,0.20,1145.00,2801.30
13180000,2021-03-22 14:15:00 ,0.00,1145.00,2801.30
13180000,2021-03-22 14:00:00 ,0.00,1145.00,2801.30
13180000,2021-03-22 13:45:00 ,0.00,1144.00,2794.60
13180000,2021-03-22 13:30:00 ,0.00,1144.00,2794.60
13180000,2021-03-22 13:15:00 ,0.00,1143.00,2787.90
13180000,2021-03-22 13:00:00 ,0.00,1143.00,2787.90
13180000,2021-03-22 12:45:00 ,0.00,1143.00,2787.90
13180000,2021-03-22 12:30:00 ,0.00,1142.00,2781.20
13180000,2021-03-22 12:15:00 ,0.00,1142.00,2781.20
13180000,2021-03-22 12:00:00 ,0.00,1142.00,2781.20
13180000,2021-03-22 11:45:00 ,0.00,1142.00,2781.20
13180000,2021-03-22 11:30:00 ,0.00,1142.00,2781.20
13180000,2021-03-22 11:15:00 ,0.00,1141.00,2774.50
13180000,2021-03-22 11:00:00 ,0.00,1140.00,2767.80
13180000,2021-03-22 10:45:00 ,0.00,1141.00,2774.50
13180000,2021-03-22 10:30:00 ,0.00,1140.00,2767.80
13180000,2021-03-22 10:15:00 ,0.00,1139.00,2761.10
13180000,2021-03-22 10:00:00 ,0.00,1140.00,2767.80
13180000,2021-03-22 09:45:00 ,0.00,1139.00,2761.10
13180000,2021-03-22 09:30:00 ,0.00,1138.00,2754.40
13180000,2021-03-22 09:15:00 ,0.00,1137.00,2747.80
13180000,2021-03-22 09:00:00 ,0.00,1138.00,2754.40
13180000,2021-03-22 08:45:00 ,0.00,1137.00,2747.80
13180000,2021-03-22 08:30:00 ,0.00,1136.00,2741.10
13180000,2021-03-22 08:15:00 ,0.00,1138.00,2754.40
13180000,2021-03-22 08:00:00 ,0.00,1136.00,2741.10
13180000,2021-03-22 07:45:00 ,0.00,1135.00,2734.50
13180000,2021-03-22 07:30:00 ,0.00,1136.00,2741.10
13180000,2021-03-22 07:15:00 ,0.00,1135.00,2734.50
13180000,2021-03-22 07:00:00 ,0.00,1134.00,2727.80
13180000,2021-03-22 06:45:00 ,0.00,1135.00,2734.50
13180000,2021-03-22 06:30:00 ,0.00,1134.00,2727.80
13180000,2021-03-22 06:15:00 ,0.00,1134.00,2727.80
13180000,2021-03-22 06:00:00 ,0.00,1134.00,2727.80
13180000,2021-03-22 05:45:00 ,0.00,1133.00,2721.20
13180000,2021-03-22 05:30:00 ,0.00,1132.00,2714.60
13180000,2021-03-22 05:15:00 ,0.00,1132.00,2714.60
13180000,2021-03-22 05:00:00 ,0.00,1132.00,2714.60
13180000,2021-03-22 04:45:00 ,0.00,1130.00,2701.40
13180000,2021-03-22 04:30:00 ,0.00,1130.00,2701.40
13180000,2021-03-22 04:15:00 ,0.00,1130.00,2701.40
13180000,2021-03-22 04:00:00 ,0.00,1129.00,2694.80
13180000,2021-03-22 03:45:00 ,0.00,1129.00,2694.80
13180000,2021-03-22 03:30:00 ,0.00,1129.00,2694.80
13180000,2021-03-22 03:15:00 ,0.00,1128.00,2688.20
13180000,2021-03-22 03:00:00 ,0.00,1127.00,2681.70
13180000,2021-03-22 02:45:00 ,0.00,1126.00,2675.10
13180000,2021-03-22 02:30:00 ,0.00,1126.00,2675.10
13180000,2021-03-22 02:15:00 ,0.00,1126.00,2675.10
13180000,2021-03-22 02:00:00 ,0.00,1125.00,2668.50
13180000,2021-03-22 01:45:00 ,0.00,1125.00,2668.50
13180000,2021-03-22 01:30:00 ,0.00,1125.00,2668.50
13180000,2021-03-22 01:15:00 ,0.00,1124.00,2662.00
13180000,2021-03-22 01:00:00 ,0.00,1123.00,2655.50
13180000,2021-03-22 00:45:00 ,0.00,1123.00,2655.50
13180000,2021-03-22 00:30:00 ,0.00,1123.00,2655.50
13180000,2021-03-22 00:15:00 ,0.00,1121.00,2642.40
13180000,2021-03-22 00:00:00 ,0.00,1122.00,2649.00
13310000,2021-03-22 23:45:00 ,0.00,,
13310000,2021-03-22 23:30:00 ,0.20,,
13310000,2021-03-22 23:15:00 ,0.00,,
13310000,2021-03-22 23:00:00 ,0.00,,
13310000,2021-03-22 22:45:00 ,0.00,,
13310000,2021-03-22 22:30:00 ,0.00,,
13310000,2021-03-22 22:15:00 ,0.00,,
13310000,2021-03-22 22:00:00 ,0.00,,
13310000,2021-03-22 21:45:00 ,0.00,,
13310000,2021-03-22 21:30:00 ,0.00,,
13310000,2021-03-22 21:15:00 ,0.20,,
13310000,2021-03-22 21:00:00 ,0.00,,
13310000,2021-03-22 20:45:00 ,0.00,,
13310000,2021-03-22 20:30:00 ,0.00,,
13310000,2021-03-22 20:15:00 ,0.00,,
13310000,2021-03-22 20:00:00 ,0.00,,
13310000,2021-03-22 19:45:00 ,0.00,,
13310000,2021-03-22 19:30:00 ,0.00,,
13310000,2021-03-22 19:15:00 ,0.00,,
13310000,2021-03-22 19:00:00 ,0.20,1288.00,1448.80
13310000,2021-03-22 18:45:00 ,0.00,,
13310000,2021-03-22 18:30:00 ,0.00,,
13310000,2021-03-22 18:15:00 ,0.00,,
13310000,2021-03-22 18:00:00 ,0.00,,
13310000,2021-03-22 17:45:00 ,0.00,,
13310000,2021-03-22 17:30:00 ,0.00,,
13310000,2021-03-22 17:15:00 ,0.00,,
13310000,2021-03-22 17:00:00 ,0.00,,
13310000,2021-03-22 16:45:00 ,0.00,,
13310000,2021-03-22 16:30:00 ,0.00,,
13310000,2021-03-22 16:15:00 ,0.00,,
13310000,2021-03-22 16:00:00 ,0.20,,
13310000,2021-03-22 15:45:00 ,0.00,,
13310000,2021-03-22 15:30:00 ,0.00,,
13310000,2021-03-22 15:15:00 ,0.00,,
13310000,2021-03-22 15:00:00 ,0.00,,
13310000,2021-03-22 14:45:00 ,0.00,,
13310000,2021-03-22 14:30:00 ,0.00,,
13310000,2021-03-22 14:15:00 ,0.00,,
13310000,2021-03-22 14:00:00 ,0.20,,
13310000,2021-03-22 13:45:00 ,0.00,,
13310000,2021-03-22 13:30:00 ,0.00,,
13310000,2021-03-22 13:15:00 ,0.00,,
13310000,2021-03-22 13:00:00 ,0.00,,
13310000,2021-03-22 12:45:00 ,0.00,,
13310000,2021-03-22 12:30:00 ,0.00,,
13310000,2021-03-22 12:15:00 ,0.00,,
13310000,2021-03-22 12:00:00 ,0.20,,
13310000,2021-03-22 11:45:00 ,0.00,,
13310000,2021-03-22 11:30:00 ,0.00,,
13310000,2021-03-22 11:15:00 ,0.00,,
13310000,2021-03-22 11:00:00 ,0.00,,
13310000,2021-03-22 10:45:00 ,0.00,,
13310000,2021-03-22 10:30:00 ,0.20,,
13310000,2021-03-22 10:15:00 ,0.00,,
13310000,2021-03-22 10:00:00 ,0.00,,
13310000,2021-03-22 09:45:00 ,0.00,,
13310000,2021-03-22 09:30:00 ,0.00,,
13310000,2021-03-22 09:15:00 ,0.00,,
13310000,2021-03-22 09:00:00 ,0.20,1266.00,1400.20
13310000,2021-03-22 08:45:00 ,0.00,,
13310000,2021-03-22 08:30:00 ,0.00,,
13310000,2021-03-22 08:15:00 ,0.00,,
13310000,2021-03-22 08:00:00 ,0.00,,
13310000,2021-03-22 07:45:00 ,0.20,,
13310000,2021-03-22 07:30:00 ,0.00,,
13310000,2021-03-22 07:15:00 ,0.00,,
13310000,2021-03-22 07:00:00 ,0.00,,
13310000,2021-03-22 06:45:00 ,0.00,,
13310000,2021-03-22 06:30:00 ,0.20,,
13310000,2021-03-22 06:15:00 ,0.00,,
13310000,2021-03-22 06:00:00 ,0.00,,
13310000,2021-03-22 05:45:00 ,0.00,,
13310000,2021-03-22 05:30:00 ,0.00,,
13310000,2021-03-22 05:15:00 ,0.00,,
13310000,2021-03-22 05:00:00 ,0.20,,
13310000,2021-03-22 04:45:00 ,0.00,,
13310000,2021-03-22 04:30:00 ,0.00,,
13310000,2021-03-22 04:15:00 ,0.00,,
13310000,2021-03-22 04:00:00 ,0.00,,
13310000,2021-03-22 03:45:00 ,0.20,,
13310000,2021-03-22 03:30:00 ,0.00,,
13310000,2021-03-22 03:15:00 ,0.00,,
13310000,2021-03-22 03:00:00 ,0.00,,
13310000,2021-03-22 02:45:00 ,0.00,,
13310000,2021-03-22 02:30:00 ,0.00,,
13310000,2021-03-22 02:15:00 ,0.20,,
13310000,2021-03-22 02:00:00 ,0.00,,
13310000,2021-03-22 01:45:00 ,0.00,,
13310000,2021-03-22 01:30:00 ,0.00,,
13310000,2021-03-22 01:15:00 ,0.00,,
13310000,2021-03-22 01:00:00 ,0.00,,
13310000,2021-03-22 00:45:00 ,0.20,,
13310000,2021-03-22 00:30:00 ,0.00,,
13310000,2021-03-22 00:15:00 ,0.00,,
13310000,2021-03-22 00:00:00 ,0.00,,
13450000,2021-03-22 23:45:00 ,0.00,588.00,237.20
13450000,2021-03-22 23:30:00 ,0.00,589.00,238.50
13450000,2021-03-22 23:15:00 ,0.00,590.00,239.90
13450000,2021-03-22 23:00:00 ,0.00,590.00,239.90
13450000,2021-03-22 22:45:00 ,0.00,589.00,238.50
13450000,2021-03-22 22:30:00 ,0.00,586.00,234.50
13450000,2021-03-22 22:15:00 ,0.00,585.00,233.20
13450000,2021-03-22 22:00:00 ,0.00,587.00,235.80
13450000,2021-03-22 21:45:00 ,0.00,588.00,237.20
13450000,2021-03-22 21:30:00 ,0.00,587.00,235.80
13450000,2021-03-22 21:15:00 ,0.00,586.00,234.50
13450000,2021-03-22 21:00:00 ,0.00,583.00,230.50
13450000,2021-03-22 20:45:00 ,0.00,580.00,226.60
13450000,2021-03-22 20:30:00 ,0.00,576.00,221.30
13450000,2021-03-22 20:15:00 ,0.00,574.00,218.70
13450000,2021-03-22 20:00:00 ,0.00,571.00,214.90
13450000,2021-03-22 19:45:00 ,0.00,566.00,208.50
13450000,2021-03-22 19:30:00 ,0.00,564.00,206.00
13450000,2021-03-22 19:15:00 ,0.00,562.00,203.40
13450000,2021-03-22 19:00:00 ,0.00,560.00,200.90
13450000,2021-03-22 18:45:00 ,0.00,557.00,197.20
13450000,2021-03-22 18:30:00 ,0.00,556.00,196.00
13450000,2021-03-22 18:15:00 ,0.00,553.00,192.30
13450000,2021-03-22 18:00:00 ,0.00,551.00,189.90
13450000,2021-03-22 17:45:00 ,0.00,548.00,186.20
13450000,2021-03-22 17:30:00 ,0.00,545.00,182.60
13450000,2021-03-22 17:15:00 ,0.00,543.00,180.20
13450000,2021-03-22 17:00:00 ,0.00,540.00,176.70
13450000,2021-03-22 16:45:00 ,0.00,536.00,172.00
13450000,2021-03-22 16:30:00 ,0.00,534.00,169.70
13450000,2021-03-22 16:15:00 ,0.00,533.00,168.50
13450000,2021-03-22 16:00:00 ,0.00,534.00,169.70
13450000,2021-03-22 15:45:00 ,0.00,536.00,172.00
13450000,2021-03-22 15:30:00 ,0.00,536.00,172.00
13450000,2021-03-22 15:15:00 ,0.00,539.00,175.50
13450000,2021-03-22 15:00:00 ,0.00,540.00,176.70
13450000,2021-03-22 14:45:00 ,0.00,543.00,180.20
13450000,2021-03-22 14:30:00 ,0.00,542.00,179.10
13450000,2021-03-22 14:15:00 ,0.00,542.00,179.10
13450000,2021-03-22 14:00:00 ,0.00,542.00,179.10
13450000,2021-03-22 13:45:00 ,0.00,543.00,180.20
13450000,2021-03-22 13:30:00 ,0.20,543.00,180.20
13450000,2021-03-22 13:15:00 ,0.00,544.00,181.40
13450000,2021-03-22 13:00:00 ,0.00,544.00,181.40
13450000,2021-03-22 12:45:00 ,0.00,544.00,181.40
13450000,2021-03-22 12:30:00 ,0.00,546.00,183.80
13450000,2021-03-22 12:15:00 ,0.00,550.00,188.60
13450000,2021-03-22 12:00:00 ,0.00,549.00,187.40
13450000,2021-03-22 11:45:00 ,0.00,550.00,188.60
13450000,2021-03-22 11:30:00 ,0.00,550.00,188.60
13450000,2021-03-22 11:15:00 ,0.00,552.00,191.10
13450000,2021-03-22 11:00:00 ,0.00,554.00,193.50
13450000,2021-03-22 10:45:00 ,0.00,555.00,194.80
13450000,2021-03-22 10:30:00 ,0.00,555.00,194.80
13450000,2021-03-22 10:15:00 ,0.00,557.00,197.20
13450000,2021-03-22 10:00:00 ,0.00,557.00,197.20
13450000,2021-03-22 09:45:00 ,0.00,558.00,198.50
13450000,2021-03-22 09:30:00 ,0.00,560.00,200.90
13450000,2021-03-22 09:15:00 ,0.00,560.00,200.90
13450000,2021-03-22 09:00:00 ,0.00,562.00,203.40
13450000,2021-03-22 08:45:00 ,0.00,562.00,203.40
13450000,2021-03-22 08:30:00 ,0.00,563.00,204.70
13450000,2021-03-22 08:15:00 ,0.00,564.00,206.00
13450000,2021-03-22 08:00:00 ,0.00,564.00,206.00
13450000,2021-03-22 07:45:00 ,0.00,563.00,204.70
13450000,2021-03-22 07:30:00 ,0.00,563.00,204.70
13450000,2021-03-22 07:15:00 ,0.00,564.00,206.00
13450000,2021-03-22 07:00:00 ,0.00,563.00,204.70
13450000,2021-03-22 06:45:00 ,0.00,562.00,203.40
13450000,2021-03-22 06:30:00 ,0.00,561.00,202.20
13450000,2021-03-22 06:15:00 ,0.00,561.00,202.20
13450000,2021-03-22 06:00:00 ,0.00,562.00,203.40
13450000,2021-03-22 05:45:00 ,0.00,563.00,204.70
13450000,2021-03-22 05:30:00 ,0.00,563.00,204.70
13450000,2021-03-22 05:15:00 ,0.00,562.00,203.40
13450000,2021-03-22 05:00:00 ,0.00,560.00,200.90
13450000,2021-03-22 04:45:00 ,0.00,559.00,199.70
13450000,2021-03-22 04:30:00 ,0.00,556.00,196.00
13450000,2021-03-22 04:15:00 ,0.00,555.00,194.80
13450000,2021-03-22 04:00:00 ,0.00,554.00,193.50
13450000,2021-03-22 03:45:00 ,0.00,552.00,191.10
13450000,2021-03-22 03:30:00 ,0.00,551.00,189.90
13450000,2021-03-22 03:15:00 ,0.00,550.00,188.60
13450000,2021-03-22 03:00:00 ,0.00,549.00,187.40
13450000,2021-03-22 02:45:00 ,0.00,548.00,186.20
13450000,2021-03-22 02:30:00 ,0.00,547.00,185.00
13450000,2021-03-22 02:15:00 ,0.00,547.00,185.00
13450000,2021-03-22 02:00:00 ,0.00,546.00,183.80
13450000,2021-03-22 01:45:00 ,0.00,546.00,183.80
13450000,2021-03-22 01:30:00 ,0.00,546.00,183.80
13450000,2021-03-22 01:15:00 ,0.00,546.00,183.80
13450000,2021-03-22 01:00:00 ,0.00,546.00,183.80
13450000,2021-03-22 00:45:00 ,0.00,545.00,182.60
13450000,2021-03-22 00:30:00 ,0.00,545.00,182.60
13450000,2021-03-22 00:15:00 ,0.00,545.00,182.60
13450000,2021-03-22 00:00:00 ,0.00,545.00,182.60
13470000,2021-03-22 23:45:00 ,0.00,709.00,491.80
13470000,2021-03-22 23:30:00 ,0.00,712.00,495.70
13470000,2021-03-22 23:15:00 ,0.00,715.00,499.50
13470000,2021-03-22 23:00:00 ,0.00,717.00,502.10
13470000,2021-03-22 22:45:00 ,0.00,719.00,504.70
13470000,2021-03-22 22:30:00 ,0.00,722.00,508.60
13470000,2021-03-22 22:15:00 ,0.00,724.00,511.20
13470000,2021-03-22 22:00:00 ,0.00,727.00,515.10
13470000,2021-03-22 21:45:00 ,0.00,729.00,517.70
13470000,2021-03-22 21:30:00 ,0.00,732.00,521.60
13470000,2021-03-22 21:15:00 ,0.00,734.00,524.20
13470000,2021-03-22 21:00:00 ,0.00,737.00,528.20
13470000,2021-03-22 20:45:00 ,0.00,739.00,530.80
13470000,2021-03-22 20:30:00 ,0.00,742.00,534.80
13470000,2021-03-22 20:15:00 ,0.00,756.00,553.40
13470000,2021-03-22 20:00:00 ,0.00,759.00,557.40
13470000,2021-03-22 19:45:00 ,0.00,762.00,561.40
13470000,2021-03-22 19:30:00 ,0.00,765.00,565.40
13470000,2021-03-22 19:15:00 ,0.00,756.00,553.40
13470000,2021-03-22 19:00:00 ,0.00,759.00,557.40
13470000,2021-03-22 18:45:00 ,0.00,762.00,561.40
13470000,2021-03-22 18:30:00 ,0.00,765.00,565.40
13470000,2021-03-22 18:15:00 ,0.00,767.00,568.10
13470000,2021-03-22 18:00:00 ,0.00,770.00,572.20
13470000,2021-03-22 17:45:00 ,0.00,773.00,576.30
13470000,2021-03-22 17:30:00 ,0.00,775.00,579.00
13470000,2021-03-22 17:15:00 ,0.00,778.00,583.10
13470000,2021-03-22 17:00:00 ,0.00,781.00,587.10
13470000,2021-03-22 16:45:00 ,0.00,783.00,589.90
13470000,2021-03-22 16:30:00 ,0.00,786.00,594.00
13470000,2021-03-22 16:15:00 ,0.20,787.00,595.40
13470000,2021-03-22 16:00:00 ,0.20,791.00,600.90
13470000,2021-03-22 15:45:00 ,0.40,793.00,603.60
13470000,2021-03-22 15:30:00 ,0.20,795.00,606.40
13470000,2021-03-22 15:15:00 ,0.40,817.00,637.00
13470000,2021-03-22 15:00:00 ,0.40,802.00,616.10
13470000,2021-03-22 14:45:00 ,0.20,802.00,616.10
13470000,2021-03-22 14:30:00 ,0.20,804.00,618.90
13470000,2021-03-22 14:15:00 ,0.40,807.00,623.00
13470000,2021-03-22 14:00:00 ,0.40,809.00,625.80
13470000,2021-03-22 13:45:00 ,0.80,812.00,630.00
13470000,2021-03-22 13:30:00 ,0.80,814.00,632.80
13470000,2021-03-22 13:15:00 ,0.40,816.00,635.60
13470000,2021-03-22 13:00:00 ,0.60,818.00,638.50
13470000,2021-03-22 12:45:00 ,0.20,820.00,641.30
13470000,2021-03-22 12:30:00 ,0.40,822.00,644.10
13470000,2021-03-22 12:15:00 ,0.00,824.00,646.90
13470000,2021-03-22 12:00:00 ,0.00,826.00,649.70
13470000,2021-03-22 11:45:00 ,0.00,828.00,652.60
13470000,2021-03-22 11:30:00 ,0.00,830.00,655.40
13470000,2021-03-22 11:15:00 ,0.00,832.00,658.30
13470000,2021-03-22 11:00:00 ,0.00,834.00,661.10
13470000,2021-03-22 10:45:00 ,0.00,835.00,662.50
13470000,2021-03-22 10:30:00 ,0.00,837.00,665.40
13470000,2021-03-22 10:15:00 ,0.00,839.00,668.30
13470000,2021-03-22 10:00:00 ,0.00,840.00,669.70
13470000,2021-03-22 09:45:00 ,0.00,841.00,671.10
13470000,2021-03-22 09:30:00 ,0.00,842.00,672.50
13470000,2021-03-22 09:15:00 ,0.00,843.00,674.00
13470000,2021-03-22 09:00:00 ,0.00,845.00,676.90
13470000,2021-03-22 08:45:00 ,0.00,846.00,678.30
13470000,2021-03-22 08:30:00 ,0.00,847.00,679.70
13470000,2021-03-22 08:15:00 ,0.00,848.00,681.20
13470000,2021-03-22 08:00:00 ,0.00,849.00,682.60
13470000,2021-03-22 07:45:00 ,0.00,851.00,685.50
13470000,2021-03-22 07:30:00 ,0.00,852.00,686.90
13470000,2021-03-22 07:15:00 ,0.00,852.00,686.90
13470000,2021-03-22 07:00:00 ,0.00,853.00,688.40
13470000,2021-03-22 06:45:00 ,0.00,854.00,689.80
13470000,2021-03-22 06:30:00 ,0.00,855.00,691.30
13470000,2021-03-22 06:15:00 ,0.00,856.00,692.70
13470000,2021-03-22 06:00:00 ,0.00,857.00,694.20
13470000,2021-03-22 05:45:00 ,0.00,857.00,694.20
13470000,2021-03-22 05:30:00 ,0.00,857.00,694.20
13470000,2021-03-22 05:15:00 ,0.00,858.00,695.60
13470000,2021-03-22 05:00:00 ,0.00,860.00,698.50
13470000,2021-03-22 04:45:00 ,0.00,860.00,698.50
13470000,2021-03-22 04:30:00 ,0.00,861.00,700.00
13470000,2021-03-22 04:15:00 ,0.00,861.00,700.00
13470000,2021-03-22 04:00:00 ,0.00,862.00,701.50
13470000,2021-03-22 03:45:00 ,0.00,863.00,702.90
13470000,2021-03-22 03:30:00 ,0.00,863.00,702.90
13470000,2021-03-22 03:15:00 ,0.00,863.00,702.90
13470000,2021-03-22 03:00:00 ,0.00,862.00,701.50
13470000,2021-03-22 02:45:00 ,0.00,863.00,702.90
13470000,2021-03-22 02:30:00 ,0.00,863.00,702.90
13470000,2021-03-22 02:15:00 ,0.00,862.00,701.50
13470000,2021-03-22 02:00:00 ,0.00,862.00,701.50
13470000,2021-03-22 01:45:00 ,0.00,862.00,701.50
13470000,2021-03-22 01:30:00 ,0.00,861.00,700.00
13470000,2021-03-22 01:15:00 ,0.00,861.00,700.00
13470000,2021-03-22 01:00:00 ,0.00,861.00,700.00
13470000,2021-03-22 00:45:00 ,0.00,860.00,698.50
13470000,2021-03-22 00:30:00 ,0.00,859.00,697.10
13470000,2021-03-22 00:15:00 ,0.00,858.00,695.60
13470000,2021-03-22 00:00:00 ,0.00,857.00,694.20
13540000,2021-03-22 23:45:00 ,0.00,825.00,184.10
13540000,2021-03-22 23:30:00 ,0.00,825.00,184.10
13540000,2021-03-22 23:15:00 ,0.00,826.00,184.60
13540000,2021-03-22 23:00:00 ,0.00,826.00,184.60
13540000,2021-03-22 22:45:00 ,0.00,826.00,184.60
13540000,2021-03-22 22:30:00 ,0.00,826.00,184.60
13540000,2021-03-22 22:15:00 ,0.00,826.00,184.60
13540000,2021-03-22 22:00:00 ,0.00,826.00,184.60
13540000,2021-03-22 21:45:00 ,0.00,826.00,184.60
13540000,2021-03-22 21:30:00 ,0.00,826.00,184.60
13540000,2021-03-22 21:15:00 ,0.00,826.00,184.60
13540000,2021-03-22 21:00:00 ,0.00,827.00,185.10
13540000,2021-03-22 20:45:00 ,0.00,826.00,184.60
13540000,2021-03-22 20:30:00 ,0.00,826.00,184.60
13540000,2021-03-22 20:15:00 ,0.00,825.00,184.10
13540000,2021-03-22 20:00:00 ,0.00,826.00,184.60
13540000,2021-03-22 19:45:00 ,0.00,825.00,184.10
13540000,2021-03-22 19:30:00 ,0.00,825.00,184.10
13540000,2021-03-22 19:15:00 ,0.00,824.00,183.50
13540000,2021-03-22 19:00:00 ,0.00,824.00,183.50
13540000,2021-03-22 18:45:00 ,0.00,823.00,183.00
13540000,2021-03-22 18:30:00 ,0.00,823.00,183.00
13540000,2021-03-22 18:15:00 ,0.00,823.00,183.00
13540000,2021-03-22 18:00:00 ,0.00,822.00,182.50
13540000,2021-03-22 17:45:00 ,0.00,821.00,182.00
13540000,2021-03-22 17:30:00 ,0.00,821.00,182.00
13540000,2021-03-22 17:15:00 ,0.20,821.00,182.00
13540000,2021-03-22 17:00:00 ,0.00,821.00,182.00
13540000,2021-03-22 16:45:00 ,0.00,820.00,181.50
13540000,2021-03-22 16:30:00 ,0.00,819.00,180.90
13540000,2021-03-22 16:15:00 ,0.00,819.00,180.90
13540000,2021-03-22 16:00:00 ,0.20,818.00,180.40
13540000,2021-03-22 15:45:00 ,0.20,817.00,179.90
13540000,2021-03-22 15:30:00 ,0.40,816.00,179.40
13540000,2021-03-22 15:15:00 ,0.20,815.00,178.90
13540000,2021-03-22 15:00:00 ,0.20,815.00,178.90
13540000,2021-03-22 14:45:00 ,0.20,814.00,178.40
13540000,2021-03-22 14:30:00 ,0.20,814.00,178.40
13540000,2021-03-22 14:15:00 ,0.00,813.00,177.90
13540000,2021-03-22 14:00:00 ,0.20,812.00,177.30
13540000,2021-03-22 13:45:00 ,0.60,811.00,176.80
13540000,2021-03-22 13:30:00 ,0.20,809.00,175.80
13540000,2021-03-22 13:15:00 ,0.40,809.00,175.80
13540000,2021-03-22 13:00:00 ,0.20,808.00,175.30
13540000,2021-03-22 12:45:00 ,0.40,806.00,174.30
13540000,2021-03-22 12:30:00 ,0.40,806.00,174.30
13540000,2021-03-22 12:15:00 ,0.40,805.00,173.80
13540000,2021-03-22 12:00:00 ,0.20,803.00,172.80
13540000,2021-03-22 11:45:00 ,0.00,802.00,172.20
13540000,2021-03-22 11:30:00 ,0.00,800.00,171.20
13540000,2021-03-22 11:15:00 ,0.00,799.00,170.70
13540000,2021-03-22 11:00:00 ,0.00,798.00,170.20
13540000,2021-03-22 10:45:00 ,0.00,797.00,169.70
13540000,2021-03-22 10:30:00 ,0.00,795.00,168.70
13540000,2021-03-22 10:15:00 ,0.00,793.00,167.70
13540000,2021-03-22 10:00:00 ,0.00,791.00,166.70
13540000,2021-03-22 09:45:00 ,0.00,790.00,166.20
13540000,2021-03-22 09:30:00 ,0.00,788.00,165.20
13540000,2021-03-22 09:15:00 ,0.00,786.00,164.20
13540000,2021-03-22 09:00:00 ,0.00,784.00,163.20
13540000,2021-03-22 08:45:00 ,0.00,783.00,162.70
13540000,2021-03-22 08:30:00 ,0.00,781.00,161.70
13540000,2021-03-22 08:15:00 ,0.00,779.00,160.80
13540000,2021-03-22 08:00:00 ,0.00,776.00,159.30
13540000,2021-03-22 07:45:00 ,0.00,774.00,158.30
13540000,2021-03-22 07:30:00 ,0.00,772.00,157.30
13540000,2021-03-22 07:15:00 ,0.00,770.00,156.30
13540000,2021-03-22 07:00:00 ,0.00,768.00,155.40
13540000,2021-03-22 06:45:00 ,0.00,765.00,153.90
13540000,2021-03-22 06:30:00 ,0.00,764.00,153.40
13540000,2021-03-22 06:15:00 ,0.00,761.00,152.00
13540000,2021-03-22 06:00:00 ,0.00,758.00,150.50
13540000,2021-03-22 05:45:00 ,0.00,757.00,150.10
13540000,2021-03-22 05:30:00 ,0.00,754.00,148.60
13540000,2021-03-22 05:15:00 ,0.00,751.00,147.20
13540000,2021-03-22 05:00:00 ,0.00,749.00,146.30
13540000,2021-03-22 04:45:00 ,0.00,746.00,144.80
13540000,2021-03-22 04:30:00 ,0.00,743.00,143.40
13540000,2021-03-22 04:15:00 ,0.00,741.00,142.50
13540000,2021-03-22 04:00:00 ,0.00,738.00,141.10
13540000,2021-03-22 03:45:00 ,0.00,735.00,139.70
13540000,2021-03-22 03:30:00 ,0.00,732.00,138.30
13540000,2021-03-22 03:15:00 ,0.00,729.00,136.90
13540000,2021-03-22 03:00:00 ,0.00,727.00,136.00
13540000,2021-03-22 02:45:00 ,0.00,724.00,134.60
13540000,2021-03-22 02:30:00 ,0.00,721.00,133.20
13540000,2021-03-22 02:15:00 ,0.00,718.00,131.90
13540000,2021-03-22 02:00:00 ,0.20,714.00,130.00
13540000,2021-03-22 01:45:00 ,0.00,711.00,128.70
13540000,2021-03-22 01:30:00 ,0.00,708.00,127.30
13540000,2021-03-22 01:15:00 ,0.00,705.00,126.00
13540000,2021-03-22 01:00:00 ,0.00,701.00,124.20
13540000,2021-03-22 00:45:00 ,0.00,698.00,122.90
13540000,2021-03-22 00:30:00 ,0.00,695.00,121.60
13540000,2021-03-22 00:15:00 ,0.00,691.00,119.80
13540000,2021-03-22 00:00:00 ,0.00,688.00,118.50
13550000,2021-03-22 23:45:00 ,0.00,1060.00,988.60
13550000,2021-03-22 23:30:00 ,0.00,1059.00,987.00
13550000,2021-03-22 23:15:00 ,0.00,1059.00,987.00
13550000,2021-03-22 23:00:00 ,0.00,1059.00,987.00
13550000,2021-03-22 22:45:00 ,0.00,1058.00,985.40
13550000,2021-03-22 22:30:00 ,0.00,1058.00,985.40
13550000,2021-03-22 22:15:00 ,0.00,1058.00,985.40
13550000,2021-03-22 22:00:00 ,0.00,1058.00,985.40
13550000,2021-03-22 21:45:00 ,0.00,1057.00,983.80
13550000,2021-03-22 21:30:00 ,0.00,1057.00,983.80
13550000,2021-03-22 21:15:00 ,0.00,1056.00,982.20
13550000,2021-03-22 21:00:00 ,0.00,1055.00,980.50
13550000,2021-03-22 20:45:00 ,0.00,1056.00,982.20
13550000,2021-03-22 20:30:00 ,0.00,1054.00,978.90
13550000,2021-03-22 20:15:00 ,0.00,1052.00,975.70
13550000,2021-03-22 20:00:00 ,0.00,1053.00,977.30
13550000,2021-03-22 19:45:00 ,0.00,1052.00,975.70
13550000,2021-03-22 19:30:00 ,0.00,1051.00,974.10
13550000,2021-03-22 19:15:00 ,0.00,1051.00,974.10
13550000,2021-03-22 19:00:00 ,0.00,1050.00,972.50
13550000,2021-03-22 18:45:00 ,0.00,1049.00,970.90
13550000,2021-03-22 18:30:00 ,0.00,1049.00,970.90
13550000,2021-03-22 18:15:00 ,0.00,1048.00,969.30
13550000,2021-03-22 18:00:00 ,0.00,1047.00,967.70
13550000,2021-03-22 17:45:00 ,0.20,1045.00,964.60
13550000,2021-03-22 17:30:00 ,0.20,1045.00,964.60
13550000,2021-03-22 17:15:00 ,0.40,1042.00,959.80
13550000,2021-03-22 17:00:00 ,0.00,1043.00,961.40
13550000,2021-03-22 16:45:00 ,0.20,1042.00,959.80
13550000,2021-03-22 16:30:00 ,0.00,1041.00,958.20
13550000,2021-03-22 16:15:00 ,0.20,1039.00,955.00
13550000,2021-03-22 16:00:00 ,0.20,1037.00,951.80
13550000,2021-03-22 15:45:00 ,0.20,1036.00,950.30
13550000,2021-03-22 15:30:00 ,0.20,1035.00,948.70
13550000,2021-03-22 15:15:00 ,0.20,1034.00,947.10
13550000,2021-03-22 15:00:00 ,0.40,1033.00,945.50
13550000,2021-03-22 14:45:00 ,0.40,1032.00,943.90
13550000,2021-03-22 14:30:00 ,0.40,1031.00,942.40
13550000,2021-03-22 14:15:00 ,0.40,1030.00,940.80
13550000,2021-03-22 14:00:00 ,0.60,1028.00,937.60
13550000,2021-03-22 13:45:00 ,0.40,1027.00,936.10
13550000,2021-03-22 13:30:00 ,0.40,1026.00,934.50
13550000,2021-03-22 13:15:00 ,0.60,1024.00,931.30
13550000,2021-03-22 13:00:00 ,0.60,1023.00,929.80
13550000,2021-03-22 12:45:00 ,0.60,1022.00,928.20
13550000,2021-03-22 12:30:00 ,0.20,1020.00,925.10
13550000,2021-03-22 12:15:00 ,0.00,1019.00,923.50
13550000,2021-03-22 12:00:00 ,0.40,1017.00,920.40
13550000,2021-03-22 11:45:00 ,0.20,1016.00,918.80
13550000,2021-03-22 11:30:00 ,0.00,1015.00,917.20
13550000,2021-03-22 11:15:00 ,0.20,1013.00,914.10
13550000,2021-03-22 11:00:00 ,0.00,1011.00,911.00
13550000,2021-03-22 10:45:00 ,0.00,1010.00,909.40
13550000,2021-03-22 10:30:00 ,0.00,1008.00,906.30
13550000,2021-03-22 10:15:00 ,0.00,1007.00,904.80
13550000,2021-03-22 10:00:00 ,0.00,1005.00,901.70
13550000,2021-03-22 09:45:00 ,0.00,1004.00,900.10
13550000,2021-03-22 09:30:00 ,0.00,995.00,886.20
13550000,2021-03-22 09:15:00 ,0.00,994.00,884.70
13550000,2021-03-22 09:00:00 ,0.00,991.00,880.10
13550000,2021-03-22 08:45:00 ,0.20,989.00,877.00
13550000,2021-03-22 08:30:00 ,0.00,988.00,875.50
13550000,2021-03-22 08:15:00 ,0.00,986.00,872.40
13550000,2021-03-22 08:00:00 ,0.00,984.00,869.30
13550000,2021-03-22 07:45:00 ,0.00,983.00,867.80
13550000,2021-03-22 07:30:00 ,0.00,980.00,863.20
13550000,2021-03-22 07:15:00 ,0.00,979.00,861.70
13550000,2021-03-22 07:00:00 ,0.00,976.00,857.20
13550000,2021-03-22 06:45:00 ,0.00,974.00,854.10
13550000,2021-03-22 06:30:00 ,0.00,980.00,863.20
13550000,2021-03-22 06:15:00 ,0.00,979.00,861.70
13550000,2021-03-22 06:00:00 ,0.00,976.00,857.20
13550000,2021-03-22 05:45:00 ,0.00,974.00,854.10
13550000,2021-03-22 05:30:00 ,0.00,972.00,851.10
13550000,2021-03-22 05:15:00 ,0.00,971.00,849.60
13550000,2021-03-22 05:00:00 ,0.00,969.00,846.50
13550000,2021-03-22 04:45:00 ,0.00,967.00,843.50
13550000,2021-03-22 04:30:00 ,0.00,964.00,839.00
13550000,2021-03-22 04:15:00 ,0.00,962.00,836.00
13550000,2021-03-22 04:00:00 ,0.00,960.00,833.00
13550000,2021-03-22 03:45:00 ,0.00,958.00,830.00
13550000,2021-03-22 03:30:00 ,0.00,957.00,828.50
13550000,2021-03-22 03:15:00 ,0.00,954.00,824.00
13550000,2021-03-22 03:00:00 ,0.00,951.00,819.50
13550000,2021-03-22 02:45:00 ,0.00,949.00,816.50
13550000,2021-03-22 02:30:00 ,0.20,947.00,813.50
13550000,2021-03-22 02:15:00 ,0.00,945.00,810.60
13550000,2021-03-22 02:00:00 ,0.00,943.00,807.60
13550000,2021-03-22 01:45:00 ,0.00,940.00,803.20
13550000,2021-03-22 01:30:00 ,0.00,939.00,801.70
13550000,2021-03-22 01:15:00 ,0.00,936.00,797.20
13550000,2021-03-22 01:00:00 ,0.00,934.00,794.30
13550000,2021-03-22 00:45:00 ,0.00,931.00,789.90
13550000,2021-03-22 00:30:00 ,0.00,929.00,786.90
13550000,2021-03-22 00:15:00 ,0.00,927.00,784.00
13550000,2021-03-22 00:00:00 ,0.00,925.00,781.10
13572000,2021-03-22 23:45:00 ,0.00,940.00,119.10
13572000,2021-03-22 23:30:00 ,0.00,940.00,119.10
13572000,2021-03-22 23:15:00 ,0.00,940.00,119.10
13572000,2021-03-22 23:00:00 ,0.00,940.00,119.10
13572000,2021-03-22 22:45:00 ,0.00,939.00,118.90
13572000,2021-03-22 22:30:00 ,0.00,939.00,118.90
13572000,2021-03-22 22:15:00 ,0.00,939.00,118.90
13572000,2021-03-22 22:00:00 ,0.00,939.00,118.90
13572000,2021-03-22 21:45:00 ,0.00,939.00,118.90
13572000,2021-03-22 21:30:00 ,0.00,939.00,118.90
13572000,2021-03-22 21:15:00 ,0.00,939.00,118.90
13572000,2021-03-22 21:00:00 ,0.00,939.00,118.90
13572000,2021-03-22 20:45:00 ,0.00,938.00,118.60
13572000,2021-03-22 20:30:00 ,0.00,938.00,118.60
13572000,2021-03-22 20:15:00 ,0.00,938.00,118.60
13572000,2021-03-22 20:00:00 ,0.00,938.00,118.60
13572000,2021-03-22 19:45:00 ,0.00,938.00,118.60
13572000,2021-03-22 19:30:00 ,0.00,938.00,118.60
13572000,2021-03-22 19:15:00 ,0.00,938.00,118.60
13572000,2021-03-22 19:00:00 ,0.00,938.00,118.60
13572000,2021-03-22 18:45:00 ,0.00,938.00,118.60
13572000,2021-03-22 18:30:00 ,0.00,937.00,118.40
13572000,2021-03-22 18:15:00 ,0.00,937.00,118.40
13572000,2021-03-22 18:00:00 ,0.00,937.00,118.40
13572000,2021-03-22 17:45:00 ,0.00,937.00,118.40
13572000,2021-03-22 17:30:00 ,0.00,937.00,118.40
13572000,2021-03-22 17:15:00 ,0.00,937.00,118.40
13572000,2021-03-22 17:00:00 ,0.00,937.00,118.40
13572000,2021-03-22 16:45:00 ,0.20,937.00,118.40
13572000,2021-03-22 16:30:00 ,0.00,936.00,118.20
13572000,2021-03-22 16:15:00 ,0.00,936.00,118.20
13572000,2021-03-22 16:00:00 ,0.00,936.00,118.20
13572000,2021-03-22 15:45:00 ,0.00,936.00,118.20
13572000,2021-03-22 15:30:00 ,0.00,936.00,118.20
13572000,2021-03-22 15:15:00 ,0.00,936.00,118.20
13572000,2021-03-22 15:00:00 ,0.00,936.00,118.20
13572000,2021-03-22 14:45:00 ,0.00,935.00,117.90
13572000,2021-03-22 14:30:00 ,0.20,935.00,117.90
13572000,2021-03-22 14:15:00 ,0.00,935.00,117.90
13572000,2021-03-22 14:00:00 ,0.20,935.00,117.90
13572000,2021-03-22 13:45:00 ,0.40,935.00,117.90
13572000,2021-03-22 13:30:00 ,0.00,935.00,117.90
13572000,2021-03-22 13:15:00 ,0.20,935.00,117.90
13572000,2021-03-22 13:00:00 ,0.00,934.00,117.70
13572000,2021-03-22 12:45:00 ,0.00,935.00,117.90
13572000,2021-03-22 12:30:00 ,0.00,934.00,117.70
13572000,2021-03-22 12:15:00 ,0.00,934.00,117.70
13572000,2021-03-22 12:00:00 ,0.00,934.00,117.70
13572000,2021-03-22 11:45:00 ,0.00,934.00,117.70
13572000,2021-03-22 11:30:00 ,0.20,934.00,117.70
13572000,2021-03-22 11:15:00 ,0.00,934.00,117.70
13572000,2021-03-22 11:00:00 ,0.00,934.00,117.70
13572000,2021-03-22 10:45:00 ,0.00,933.00,117.50
13572000,2021-03-22 10:30:00 ,0.20,933.00,117.50
13572000,2021-03-22 10:15:00 ,0.00,933.00,117.50
13572000,2021-03-22 10:00:00 ,0.00,933.00,117.50
13572000,2021-03-22 09:45:00 ,0.00,933.00,117.50
13572000,2021-03-22 09:30:00 ,0.00,933.00,117.50
13572000,2021-03-22 09:15:00 ,0.00,933.00,117.50
13572000,2021-03-22 09:00:00 ,0.20,933.00,117.50
13572000,2021-03-22 08:45:00 ,0.00,933.00,117.50
13572000,2021-03-22 08:30:00 ,0.00,932.00,117.20
13572000,2021-03-22 08:15:00 ,0.00,932.00,117.20
13572000,2021-03-22 08:00:00 ,0.00,932.00,117.20
13572000,2021-03-22 07:45:00 ,0.00,932.00,117.20
13572000,2021-03-22 07:30:00 ,0.00,932.00,117.20
13572000,2021-03-22 07:15:00 ,0.00,932.00,117.20
13572000,2021-03-22 07:00:00 ,0.00,932.00,117.20
13572000,2021-03-22 06:45:00 ,0.20,932.00,117.20
13572000,2021-03-22 06:30:00 ,0.00,932.00,117.20
13572000,2021-03-22 06:15:00 ,0.00,932.00,117.20
13572000,2021-03-22 06:00:00 ,0.00,931.00,117.00
13572000,2021-03-22 05:45:00 ,0.20,931.00,117.00
13572000,2021-03-22 05:30:00 ,0.00,931.00,117.00
13572000,2021-03-22 05:15:00 ,0.00,931.00,117.00
13572000,2021-03-22 05:00:00 ,0.00,931.00,117.00
13572000,2021-03-22 04:45:00 ,0.00,931.00,117.00
13572000,2021-03-22 04:30:00 ,0.00,931.00,117.00
13572000,2021-03-22 04:15:00 ,0.00,931.00,117.00
13572000,2021-03-22 04:00:00 ,0.00,931.00,117.00
13572000,2021-03-22 03:45:00 ,0.00,931.00,117.00
13572000,2021-03-22 03:30:00 ,0.00,931.00,117.00
13572000,2021-03-22 03:15:00 ,0.00,931.00,117.00
13572000,2021-03-22 03:00:00 ,0.00,930.00,116.80
13572000,2021-03-22 02:45:00 ,0.00,930.00,116.80
13572000,2021-03-22 02:30:00 ,0.40,930.00,116.80
13572000,2021-03-22 02:15:00 ,0.20,930.00,116.80
13572000,2021-03-22 02:00:00 ,0.00,930.00,116.80
13572000,2021-03-22 01:45:00 ,0.00,930.00,116.80
13572000,2021-03-22 01:30:00 ,0.00,930.00,116.80
13572000,2021-03-22 01:15:00 ,0.20,930.00,116.80
13572000,2021-03-22 01:00:00 ,0.20,930.00,116.80
13572000,2021-03-22 00:45:00 ,0.20,930.00,116.80
13572000,2021-03-22 00:30:00 ,0.00,930.00,116.80
13572000,2021-03-22 00:15:00 ,0.00,929.00,116.50
13572000,2021-03-22 00:00:00 ,0.20,929.00,116.50
13578000,2021-03-22 23:45:00 ,0.00,1017.00,245.30
13578000,2021-03-22 23:30:00 ,0.00,1016.00,244.80
13578000,2021-03-22 23:15:00 ,0.00,1017.00,245.30
13578000,2021-03-22 23:00:00 ,0.00,1013.00,243.40
13578000,2021-03-22 22:45:00 ,0.00,1013.00,243.40
13578000,2021-03-22 22:30:00 ,0.00,1015.00,244.30
13578000,2021-03-22 22:15:00 ,0.00,1011.00,242.40
13578000,2021-03-22 22:00:00 ,0.00,1010.00,241.90
13578000,2021-03-22 21:45:00 ,0.00,1009.00,241.50
13578000,2021-03-22 21:30:00 ,0.00,1008.00,241.00
13578000,2021-03-22 21:15:00 ,0.00,1009.00,241.50
13578000,2021-03-22 21:00:00 ,0.00,1007.00,240.50
13578000,2021-03-22 20:45:00 ,0.00,1001.00,237.70
13578000,2021-03-22 20:30:00 ,0.00,1002.00,238.20
13578000,2021-03-22 20:15:00 ,0.00,1005.00,239.60
13578000,2021-03-22 20:00:00 ,0.00,1003.00,238.60
13578000,2021-03-22 19:45:00 ,0.00,1003.00,238.60
13578000,2021-03-22 19:30:00 ,0.00,1002.00,238.20
13578000,2021-03-22 19:15:00 ,0.00,999.00,236.80
13578000,2021-03-22 19:00:00 ,0.00,999.00,236.80
13578000,2021-03-22 18:45:00 ,0.00,999.00,236.80
13578000,2021-03-22 18:30:00 ,0.00,998.00,236.30
13578000,2021-03-22 18:15:00 ,0.00,993.00,234.00
13578000,2021-03-22 18:00:00 ,0.00,998.00,236.30
13578000,2021-03-22 17:45:00 ,0.00,1008.00,241.00
13578000,2021-03-22 17:30:00 ,0.00,1005.00,239.60
13578000,2021-03-22 17:15:00 ,0.00,995.00,234.90
13578000,2021-03-22 17:00:00 ,0.00,990.00,232.60
13578000,2021-03-22 16:45:00 ,0.00,991.00,233.00
13578000,2021-03-22 16:30:00 ,0.00,987.00,231.20
13578000,2021-03-22 16:15:00 ,0.00,987.00,231.20
13578000,2021-03-22 16:00:00 ,0.00,993.00,234.00
13578000,2021-03-22 15:45:00 ,0.00,1001.00,237.70
13578000,2021-03-22 15:30:00 ,0.00,985.00,230.30
13578000,2021-03-22 15:15:00 ,0.00,979.00,227.50
13578000,2021-03-22 15:00:00 ,0.00,980.00,228.00
13578000,2021-03-22 14:45:00 ,0.00,981.00,228.40
13578000,2021-03-22 14:30:00 ,0.00,976.00,226.10
13578000,2021-03-22 14:15:00 ,0.00,978.00,227.10
13578000,2021-03-22 14:00:00 ,0.00,975.00,225.70
13578000,2021-03-22 13:45:00 ,0.00,975.00,225.70
13578000,2021-03-22 13:30:00 ,0.00,973.00,224.80
13578000,2021-03-22 13:15:00 ,0.00,973.00,224.80
13578000,2021-03-22 13:00:00 ,0.00,973.00,224.80
13578000,2021-03-22 12:45:00 ,0.00,971.00,223.90
13578000,2021-03-22 12:30:00 ,0.00,965.00,221.20
13578000,2021-03-22 12:15:00 ,0.00,969.00,223.00
13578000,2021-03-22 12:00:00 ,0.00,964.00,220.70
13578000,2021-03-22 11:45:00 ,0.00,964.00,220.70
13578000,2021-03-22 11:30:00 ,0.00,962.00,219.80
13578000,2021-03-22 11:15:00 ,0.00,963.00,220.30
13578000,2021-03-22 11:00:00 ,0.00,959.00,218.50
13578000,2021-03-22 10:45:00 ,0.00,961.00,219.40
13578000,2021-03-22 10:30:00 ,0.00,960.00,218.90
13578000,2021-03-22 10:15:00 ,0.00,959.00,218.50
13578000,2021-03-22 10:00:00 ,0.00,955.00,216.70
13578000,2021-03-22 09:45:00 ,0.00,953.00,215.80
13578000,2021-03-22 09:30:00 ,0.00,953.00,215.80
13578000,2021-03-22 09:15:00 ,0.00,953.00,215.80
13578000,2021-03-22 09:00:00 ,0.00,950.00,214.50
13578000,2021-03-22 08:45:00 ,0.00,948.00,213.60
13578000,2021-03-22 08:30:00 ,0.00,946.00,212.70
13578000,2021-03-22 08:15:00 ,0.00,947.00,213.20
13578000,2021-03-22 08:00:00 ,0.00,946.00,212.70
13578000,2021-03-22 07:45:00 ,0.00,942.00,211.00
13578000,2021-03-22 07:30:00 ,0.00,945.00,212.30
13578000,2021-03-22 07:15:00 ,0.00,941.00,210.60
13578000,2021-03-22 07:00:00 ,0.00,941.00,210.60
13578000,2021-03-22 06:45:00 ,0.00,939.00,209.70
13578000,2021-03-22 06:30:00 ,0.00,938.00,209.30
13578000,2021-03-22 06:15:00 ,0.00,937.00,208.80
13578000,2021-03-22 06:00:00 ,0.00,937.00,208.80
13578000,2021-03-22 05:45:00 ,0.00,933.00,207.10
13578000,2021-03-22 05:30:00 ,0.00,935.00,208.00
13578000,2021-03-22 05:15:00 ,0.00,932.00,206.70
13578000,2021-03-22 05:00:00 ,0.00,932.00,206.70
13578000,2021-03-22 04:45:00 ,0.00,930.00,205.80
13578000,2021-03-22 04:30:00 ,0.00,930.00,205.80
13578000,2021-03-22 04:15:00 ,0.00,927.00,204.50
13578000,2021-03-22 04:00:00 ,0.00,928.00,205.00
13578000,2021-03-22 03:45:00 ,0.00,926.00,204.10
13578000,2021-03-22 03:30:00 ,0.00,920.00,201.50
13578000,2021-03-22 03:15:00 ,0.00,938.00,209.30
13578000,2021-03-22 03:00:00 ,0.00,936.00,208.40
13578000,2021-03-22 02:45:00 ,0.00,922.00,202.40
13578000,2021-03-22 02:30:00 ,0.00,921.00,202.00
13578000,2021-03-22 02:15:00 ,0.00,921.00,202.00
13578000,2021-03-22 02:00:00 ,0.00,917.00,200.30
13578000,2021-03-22 01:45:00 ,0.00,921.00,202.00
13578000,2021-03-22 01:30:00 ,0.00,921.00,202.00
13578000,2021-03-22 01:15:00 ,0.00,918.00,200.70
13578000,2021-03-22 01:00:00 ,,915.00,199.40
13578000,2021-03-22 00:45:00 ,,916.00,199.90
13578000,2021-03-22 00:30:00 ,,915.00,199.40
13578000,2021-03-22 00:15:00 ,0.00,917.00,200.30
13578000,2021-03-22 00:00:00 ,0.00,915.00,199.40
13600002,2021-03-22 23:45:00 ,0.00,1280.00,1244.50
13600002,2021-03-22 23:30:00 ,0.20,1278.00,1240.60
13600002,2021-03-22 23:15:00 ,0.00,1277.00,1238.70
13600002,2021-03-22 23:00:00 ,0.00,1275.00,1234.90
13600002,2021-03-22 22:45:00 ,0.00,1274.00,1233.00
13600002,2021-03-22 22:30:00 ,0.00,1272.00,1229.20
13600002,2021-03-22 22:15:00 ,0.00,1271.00,1227.30
13600002,2021-03-22 22:00:00 ,0.00,1269.00,1223.50
13600002,2021-03-22 21:45:00 ,0.00,1267.00,1219.70
13600002,2021-03-22 21:30:00 ,0.00,1266.00,1217.80
13600002,2021-03-22 21:15:00 ,0.00,1265.00,1215.90
13600002,2021-03-22 21:00:00 ,0.00,1263.00,1212.10
13600002,2021-03-22 20:45:00 ,0.00,1261.00,1208.30
13600002,2021-03-22 20:30:00 ,0.00,1259.00,1204.50
13600002,2021-03-22 20:15:00 ,0.00,1259.00,1204.50
13600002,2021-03-22 20:00:00 ,0.00,1257.00,1200.80
13600002,2021-03-22 19:45:00 ,0.00,1257.00,1200.80
13600002,2021-03-22 19:30:00 ,0.00,1257.00,1200.80
13600002,2021-03-22 19:15:00 ,0.00,1256.00,1198.90
13600002,2021-03-22 19:00:00 ,0.00,1255.00,1197.00
13600002,2021-03-22 18:45:00 ,0.00,1253.00,1193.30
13600002,2021-03-22 18:30:00 ,0.00,1252.00,1191.40
13600002,2021-03-22 18:15:00 ,0.20,1250.00,1187.70
13600002,2021-03-22 18:00:00 ,0.00,1249.00,1185.80
13600002,2021-03-22 17:45:00 ,0.00,1246.00,1180.20
13600002,2021-03-22 17:30:00 ,0.00,1245.00,1178.40
13600002,2021-03-22 17:15:00 ,0.00,1244.00,1176.50
13600002,2021-03-22 17:00:00 ,0.00,1241.00,1170.90
13600002,2021-03-22 16:45:00 ,0.00,1239.00,1167.20
13600002,2021-03-22 16:30:00 ,0.00,1237.00,1163.60
13600002,2021-03-22 16:15:00 ,0.00,1235.00,1159.90
13600002,2021-03-22 16:00:00 ,0.00,1233.00,1156.20
13600002,2021-03-22 15:45:00 ,0.00,1231.00,1152.50
13600002,2021-03-22 15:30:00 ,0.00,1230.00,1150.70
13600002,2021-03-22 15:15:00 ,0.00,1228.00,1147.00
13600002,2021-03-22 15:00:00 ,0.00,1226.00,1143.40
13600002,2021-03-22 14:45:00 ,0.00,1225.00,1141.60
13600002,2021-03-22 14:30:00 ,0.00,1222.00,1136.10
13600002,2021-03-22 14:15:00 ,0.00,1222.00,1136.10
13600002,2021-03-22 14:00:00 ,0.20,1219.00,1130.70
13600002,2021-03-22 13:45:00 ,0.00,1216.00,1125.20
13600002,2021-03-22 13:30:00 ,0.00,1215.00,1123.40
13600002,2021-03-22 13:15:00 ,0.00,1213.00,1119.80
13600002,2021-03-22 13:00:00 ,0.00,1211.00,1116.20
13600002,2021-03-22 12:45:00 ,0.00,1209.00,1112.60
13600002,2021-03-22 12:30:00 ,0.00,1207.00,1109.00
13600002,2021-03-22 12:15:00 ,0.00,1204.00,1103.70
13600002,2021-03-22 12:00:00 ,0.00,1201.00,1098.30
13600002,2021-03-22 11:45:00 ,0.00,1200.00,1096.50
13600002,2021-03-22 11:30:00 ,0.00,1198.00,1093.00
13600002,2021-03-22 11:15:00 ,0.00,1196.00,1089.40
13600002,2021-03-22 11:00:00 ,0.00,1194.00,1085.90
13600002,2021-03-22 10:45:00 ,0.20,1191.00,1080.60
13600002,2021-03-22 10:30:00 ,0.00,1190.00,1078.90
13600002,2021-03-22 10:15:00 ,0.00,1186.00,1071.80
13600002,2021-03-22 10:00:00 ,0.00,1184.00,1068.30
13600002,2021-03-22 09:45:00 ,0.00,1182.00,1064.80
13600002,2021-03-22 09:30:00 ,0.00,1180.00,1061.30
13600002,2021-03-22 09:15:00 ,0.00,1178.00,1057.80
13600002,2021-03-22 09:00:00 ,0.00,1176.00,1054.40
13600002,2021-03-22 08:45:00 ,0.00,1173.00,1049.20
13600002,2021-03-22 08:30:00 ,0.00,1172.00,1047.40
13600002,2021-03-22 08:15:00 ,0.00,1170.00,1044.00
13600002,2021-03-22 08:00:00 ,0.00,1167.00,1038.80
13600002,2021-03-22 07:45:00 ,0.00,1166.00,1037.10
13600002,2021-03-22 07:30:00 ,0.00,1163.00,1031.90
13600002,2021-03-22 07:15:00 ,0.00,1162.00,1030.20
13600002,2021-03-22 07:00:00 ,0.00,1160.00,1026.80
13600002,2021-03-22 06:45:00 ,0.00,1158.00,1023.40
13600002,2021-03-22 06:30:00 ,0.00,1156.00,1020.00
13600002,2021-03-22 06:15:00 ,0.00,1154.00,1016.60
13600002,2021-03-22 06:00:00 ,0.00,1152.00,1013.20
13600002,2021-03-22 05:45:00 ,0.00,1150.00,1009.80
13600002,2021-03-22 05:30:00 ,0.00,1148.00,1006.40
13600002,2021-03-22 05:15:00 ,0.00,1145.00,1001.40
13600002,2021-03-22 05:00:00 ,0.00,1144.00,999.70
13600002,2021-03-22 04:45:00 ,0.00,1141.00,994.60
13600002,2021-03-22 04:30:00 ,0.00,1140.00,993.00
13600002,2021-03-22 04:15:00 ,0.00,1137.00,988.00
13600002,2021-03-22 04:00:00 ,0.00,1134.00,983.00
13600002,2021-03-22 03:45:00 ,0.00,1133.00,981.30
13600002,2021-03-22 03:30:00 ,0.00,1130.00,976.30
13600002,2021-03-22 03:15:00 ,0.00,1129.00,974.70
13600002,2021-03-22 03:00:00 ,0.00,1128.00,973.00
13600002,2021-03-22 02:45:00 ,0.00,1125.00,968.00
13600002,2021-03-22 02:30:00 ,0.20,1124.00,966.40
13600002,2021-03-22 02:15:00 ,0.00,1122.00,963.10
13600002,2021-03-22 02:00:00 ,0.00,1120.00,959.80
13600002,2021-03-22 01:45:00 ,0.00,1119.00,958.20
13600002,2021-03-22 01:30:00 ,0.00,1117.00,954.90
13600002,2021-03-22 01:15:00 ,0.00,1115.00,951.60
13600002,2021-03-22 01:00:00 ,0.00,1114.00,950.00
13600002,2021-03-22 00:45:00 ,0.00,1111.00,945.10
13600002,2021-03-22 00:30:00 ,0.00,1110.00,943.50
13600002,2021-03-22 00:15:00 ,0.00,1108.00,940.30
13600002,2021-03-22 00:00:00 ,0.00,1107.00,938.60
13610001,2021-03-22 23:45:00 ,0.00,,
13610001,2021-03-22 23:30:00 ,0.00,,
13610001,2021-03-22 23:15:00 ,0.00,,
13610001,2021-03-22 23:00:00 ,0.00,,
13610001,2021-03-22 22:45:00 ,0.00,,
13610001,2021-03-22 22:30:00 ,0.00,,
13610001,2021-03-22 22:15:00 ,0.00,,
13610001,2021-03-22 22:00:00 ,0.00,,
13610001,2021-03-22 21:45:00 ,0.00,,
13610001,2021-03-22 21:30:00 ,0.00,,
13610001,2021-03-22 21:15:00 ,0.00,,
13610001,2021-03-22 21:00:00 ,0.00,,
13610001,2021-03-22 20:45:00 ,0.00,,
13610001,2021-03-22 20:30:00 ,0.00,,
13610001,2021-03-22 20:15:00 ,0.00,,
13610001,2021-03-22 20:00:00 ,0.00,,
13610001,2021-03-22 19:45:00 ,0.00,,
13610001,2021-03-22 19:30:00 ,0.00,,
13610001,2021-03-22 19:15:00 ,0.00,,
13610001,2021-03-22 19:00:00 ,0.00,,
13610001,2021-03-22 18:45:00 ,0.00,,
13610001,2021-03-22 18:30:00 ,0.00,,
13610001,2021-03-22 18:15:00 ,0.00,,
13610001,2021-03-22 18:00:00 ,0.00,,
13610001,2021-03-22 17:45:00 ,0.00,,
13610001,2021-03-22 17:30:00 ,0.00,,
13610001,2021-03-22 17:15:00 ,0.00,,
13610001,2021-03-22 17:00:00 ,0.00,,
13610001,2021-03-22 16:45:00 ,0.00,,
13610001,2021-03-22 16:30:00 ,0.00,,
13610001,2021-03-22 16:15:00 ,0.00,,
13610001,2021-03-22 16:00:00 ,0.00,,
13610001,2021-03-22 15:45:00 ,0.00,,
13610001,2021-03-22 15:30:00 ,0.00,,
13610001,2021-03-22 15:15:00 ,0.00,,
13610001,2021-03-22 15:00:00 ,0.00,,
13610001,2021-03-22 14:45:00 ,0.00,,
13610001,2021-03-22 14:30:00 ,0.00,,
13610001,2021-03-22 14:15:00 ,0.00,,
13610001,2021-03-22 14:00:00 ,0.00,,
13610001,2021-03-22 13:45:00 ,0.00,,
13610001,2021-03-22 13:30:00 ,0.00,,
13610001,2021-03-22 13:15:00 ,0.00,,
13610001,2021-03-22 13:00:00 ,0.00,,
13610001,2021-03-22 12:45:00 ,0.00,,
13610001,2021-03-22 12:30:00 ,0.00,,
13610001,2021-03-22 12:15:00 ,0.00,,
13610001,2021-03-22 12:00:00 ,0.00,,
13610001,2021-03-22 11:45:00 ,0.00,,
13610001,2021-03-22 11:30:00 ,0.00,,
13610001,2021-03-22 11:15:00 ,0.00,,
13610001,2021-03-22 11:00:00 ,0.00,,
13610001,2021-03-22 10:45:00 ,0.00,,
13610001,2021-03-22 10:30:00 ,0.00,,
13610001,2021-03-22 10:15:00 ,0.00,,
13610001,2021-03-22 10:00:00 ,0.00,,
13610001,2021-03-22 09:45:00 ,0.00,,
13610001,2021-03-22 09:30:00 ,0.00,,
13610001,2021-03-22 09:15:00 ,0.00,,
13610001,2021-03-22 09:00:00 ,0.00,,
13610001,2021-03-22 08:45:00 ,0.00,,
13610001,2021-03-22 08:30:00 ,0.00,,
13610001,2021-03-22 08:15:00 ,0.00,,
13610001,2021-03-22 08:00:00 ,0.00,,
13610001,2021-03-22 07:45:00 ,0.00,,
13610001,2021-03-22 07:30:00 ,0.00,,
13610001,2021-03-22 07:15:00 ,0.00,,
13610001,2021-03-22 07:00:00 ,0.00,,
13610001,2021-03-22 06:45:00 ,0.00,,
13610001,2021-03-22 06:30:00 ,0.00,,
13610001,2021-03-22 06:15:00 ,0.00,,
13610001,2021-03-22 06:00:00 ,0.00,,
13610001,2021-03-22 05:45:00 ,0.00,,
13610001,2021-03-22 05:30:00 ,0.00,,
13610001,2021-03-22 05:15:00 ,0.00,,
13610001,2021-03-22 05:00:00 ,0.00,,
13610001,2021-03-22 04:45:00 ,0.00,,
13610001,2021-03-22 04:30:00 ,0.00,,
13610001,2021-03-22 04:15:00 ,0.00,,
13610001,2021-03-22 04:00:00 ,0.00,,
13610001,2021-03-22 03:45:00 ,0.00,,
13610001,2021-03-22 03:30:00 ,0.00,,
13610001,2021-03-22 03:15:00 ,0.00,,
13610001,2021-03-22 03:00:00 ,0.00,,
13610001,2021-03-22 02:45:00 ,0.00,,
13610001,2021-03-22 02:30:00 ,0.00,,
13610001,2021-03-22 02:15:00 ,0.00,,
13610001,2021-03-22 02:00:00 ,0.00,,
13610001,2021-03-22 01:45:00 ,0.00,,
13610001,2021-03-22 01:30:00 ,0.00,,
13610001,2021-03-22 01:15:00 ,0.00,,
13610001,2021-03-22 01:00:00 ,0.00,,
13610001,2021-03-22 00:45:00 ,0.00,,
13610001,2021-03-22 00:30:00 ,0.00,,
13610001,2021-03-22 00:15:00 ,0.00,,
13610001,2021-03-22 00:00:00 ,0.00,,
15324000,2021-03-22 23:45:00 ,0.00,925.00,215.60
15324000,2021-03-22 23:30:00 ,0.00,924.00,215.30
15324000,2021-03-22 23:15:00 ,0.00,923.00,214.90
15324000,2021-03-22 23:00:00 ,0.00,923.00,214.90
15324000,2021-03-22 22:45:00 ,0.00,923.00,214.90
15324000,2021-03-22 22:30:00 ,0.00,923.00,214.90
15324000,2021-03-22 22:15:00 ,0.00,922.00,214.60
15324000,2021-03-22 22:00:00 ,0.00,922.00,214.60
15324000,2021-03-22 21:45:00 ,0.00,921.00,214.30
15324000,2021-03-22 21:30:00 ,0.00,921.00,214.30
15324000,2021-03-22 21:15:00 ,0.00,921.00,214.30
15324000,2021-03-22 21:00:00 ,0.00,921.00,214.30
15324000,2021-03-22 20:45:00 ,0.00,920.00,214.00
15324000,2021-03-22 20:30:00 ,0.00,919.00,213.70
15324000,2021-03-22 20:15:00 ,0.00,919.00,213.70
15324000,2021-03-22 20:00:00 ,0.00,919.00,213.70
15324000,2021-03-22 19:45:00 ,0.00,918.00,213.40
15324000,2021-03-22 19:30:00 ,0.00,918.00,213.40
15324000,2021-03-22 19:15:00 ,0.00,918.00,213.40
15324000,2021-03-22 19:00:00 ,0.00,917.00,213.00
15324000,2021-03-22 18:45:00 ,0.00,917.00,213.00
15324000,2021-03-22 18:30:00 ,0.00,917.00,213.00
15324000,2021-03-22 18:15:00 ,0.00,916.00,212.70
15324000,2021-03-22 18:00:00 ,0.00,916.00,212.70
15324000,2021-03-22 17:45:00 ,0.40,916.00,212.70
15324000,2021-03-22 17:30:00 ,0.20,915.00,212.40
15324000,2021-03-22 17:15:00 ,0.60,915.00,212.40
15324000,2021-03-22 17:00:00 ,0.00,914.00,212.10
15324000,2021-03-22 16:45:00 ,0.00,914.00,212.10
15324000,2021-03-22 16:30:00 ,0.00,913.00,211.80
15324000,2021-03-22 16:15:00 ,0.00,913.00,211.80
15324000,2021-03-22 16:00:00 ,0.00,912.00,211.50
15324000,2021-03-22 15:45:00 ,0.00,912.00,211.50
15324000,2021-03-22 15:30:00 ,0.00,911.00,211.10
15324000,2021-03-22 15:15:00 ,0.00,911.00,211.10
15324000,2021-03-22 15:00:00 ,0.00,911.00,211.10
15324000,2021-03-22 14:45:00 ,0.00,910.00,210.80
15324000,2021-03-22 14:30:00 ,0.00,910.00,210.80
15324000,2021-03-22 14:15:00 ,0.00,910.00,210.80
15324000,2021-03-22 14:00:00 ,0.00,909.00,210.50
15324000,2021-03-22 13:45:00 ,0.00,908.00,210.20
15324000,2021-03-22 13:30:00 ,0.00,908.00,210.20
15324000,2021-03-22 13:15:00 ,0.00,907.00,209.90
15324000,2021-03-22 13:00:00 ,0.00,907.00,209.90
15324000,2021-03-22 12:45:00 ,0.20,906.00,209.60
15324000,2021-03-22 12:30:00 ,0.00,906.00,209.60
15324000,2021-03-22 12:15:00 ,0.00,905.00,209.20
15324000,2021-03-22 12:00:00 ,0.20,905.00,209.20
15324000,2021-03-22 11:45:00 ,0.40,904.00,208.90
15324000,2021-03-22 11:30:00 ,0.20,904.00,208.90
15324000,2021-03-22 11:15:00 ,0.20,903.00,208.60
15324000,2021-03-22 11:00:00 ,0.20,902.00,208.30
15324000,2021-03-22 10:45:00 ,0.20,902.00,208.30
15324000,2021-03-22 10:30:00 ,2.20,901.00,208.00
15324000,2021-03-22 10:15:00 ,,901.00,208.00
15324000,2021-03-22 10:00:00 ,,901.00,208.00
15324000,2021-03-22 09:45:00 ,,,
15324000,2021-03-22 09:30:00 ,,,
15324000,2021-03-22 09:15:00 ,0.40,899.00,207.30
15324000,2021-03-22 09:00:00 ,1.20,898.00,207.00
15324000,2021-03-22 08:45:00 ,2.00,897.00,206.70
15324000,2021-03-22 08:30:00 ,0.60,896.00,206.40
15324000,2021-03-22 08:15:00 ,0.60,896.00,206.40
15324000,2021-03-22 08:00:00 ,1.40,895.00,206.10
15324000,2021-03-22 07:45:00 ,2.50,894.00,205.80
15324000,2021-03-22 07:30:00 ,4.00,894.00,205.80
15324000,2021-03-22 07:15:00 ,,893.00,205.50
15324000,2021-03-22 07:00:00 ,,893.00,205.50
15324000,2021-03-22 06:45:00 ,,891.00,204.80
15324000,2021-03-22 06:30:00 ,0.40,890.00,204.50
15324000,2021-03-22 06:15:00 ,0.20,890.00,204.50
15324000,2021-03-22 06:00:00 ,0.20,890.00,204.50
15324000,2021-03-22 05:45:00 ,0.40,889.00,204.20
15324000,2021-03-22 05:30:00 ,0.60,888.00,203.90
15324000,2021-03-22 05:15:00 ,0.80,887.00,203.60
15324000,2021-03-22 05:00:00 ,0.40,887.00,203.60
15324000,2021-03-22 04:45:00 ,0.00,886.00,203.20
15324000,2021-03-22 04:30:00 ,0.20,885.00,202.90
15324000,2021-03-22 04:15:00 ,0.20,885.00,202.90
15324000,2021-03-22 04:00:00 ,2.40,884.00,202.60
15324000,2021-03-22 03:45:00 ,1.00,883.00,202.30
15324000,2021-03-22 03:30:00 ,3.20,882.00,202.00
15324000,2021-03-22 03:15:00 ,3.00,881.00,201.70
15324000,2021-03-22 03:00:00 ,1.20,880.00,201.40
15324000,2021-03-22 02:45:00 ,0.40,880.00,201.40
15324000,2021-03-22 02:30:00 ,0.60,879.00,201.00
15324000,2021-03-22 02:15:00 ,1.40,878.00,200.70
15324000,2021-03-22 02:00:00 ,1.40,878.00,200.70
15324000,2021-03-22 01:45:00 ,1.40,877.00,200.40
15324000,2021-03-22 01:30:00 ,3.20,877.00,200.40
15324000,2021-03-22 01:15:00 ,4.80,876.00,200.10
15324000,2021-03-22 01:00:00 ,4.00,875.00,199.80
15324000,2021-03-22 00:45:00 ,1.20,874.00,199.50
15324000,2021-03-22 00:30:00 ,0.20,874.00,199.50
15324000,2021-03-22 00:15:00 ,2.40,873.00,199.20
15324000,2021-03-22 00:00:00 ,4.60,873.00,199.20